,TEAM,GAME DATE,MIN,EFG%,FTA RATE,TOV%,OREB%,OPP_EFG%,OPP_FTA RATE,OPP_TOV%,OPP_OREB%,OPP,REST,OPP_REST,W/L,Home/Away,+/-
0,ATL,10/18/2017,48,55.9%,0.16,13.1,30.4%,54.1%,0.244,15.6,20.0%,DAL,0,0,1,0,6
1,ATL,10/20/2017,48,41.6%,0.147,12.0,11.8%,49.4%,0.349,19.4,27.3%,CHA,2,2,0,0,-18
2,ATL,10/22/2017,48,37.8%,0.38299999999999995,14.6,29.6%,53.4%,0.391,16.8,28.9%,BKN,2,2,0,0,-12
3,ATL,10/23/2017,48,52.0%,0.237,21.2,16.2%,54.1%,0.212,18.6,22.2%,MIA,1,2,0,0,-11
4,ATL,10/26/2017,48,46.3%,0.16,11.1,13.7%,40.1%,0.337,16.5,35.3%,CHI,3,2,0,0,-5
5,ATL,10/27/2017,48,49.4%,0.135,12.6,23.9%,48.4%,0.253,11.8,25.6%,DEN,1,2,0,1,-5
6,ATL,10/29/2017,48,55.2%,0.33799999999999997,15.8,7.3%,62.3%,0.259,14.1,15.2%,MIL,2,3,0,1,-11
7,ATL,11/01/2017,48,47.9%,0.287,16.8,24.0%,53.0%,0.253,15.2,28.8%,PHI,3,2,0,0,-10
8,ATL,11/03/2017,48,54.9%,0.222,17.7,12.5%,56.2%,0.258,13.4,20.0%,HOU,2,2,0,1,-15
9,ATL,11/05/2017,48,54.1%,0.395,15.9,25.6%,49.0%,0.24,12.5,31.3%,CLE,2,2,1,0,2
10,ATL,11/06/2017,48,56.2%,0.247,14.2,12.5%,56.8%,0.272,14.3,18.4%,BOS,1,1,0,1,-3
11,ATL,11/10/2017,48,53.9%,0.124,16.2,26.2%,50.6%,0.303,17.4,37.0%,DET,4,2,0,0,-7
12,ATL,11/11/2017,48,49.4%,0.205,23.0,24.4%,58.3%,0.359,22.5,33.3%,WAS,1,2,0,0,-19
13,ATL,11/13/2017,48,55.7%,0.10300000000000001,16.5,24.4%,63.3%,0.22699999999999998,20.1,21.2%,NOP,2,2,0,0,-1
14,ATL,11/15/2017,48,73.4%,0.203,20.6,33.3%,38.6%,0.22699999999999998,12.3,20.0%,SAC,2,2,1,1,46
15,ATL,11/18/2017,48,53.2%,0.256,14.8,15.8%,57.3%,0.244,16.4,23.7%,BOS,3,2,0,1,-11
16,ATL,11/20/2017,48,48.2%,0.094,15.9,19.1%,50.6%,0.067,18.8,32.6%,SAS,2,3,0,0,-11
17,ATL,11/22/2017,48,54.2%,0.18100000000000002,15.7,25.0%,67.8%,0.25,17.8,18.2%,LAC,2,2,0,1,-13
18,ATL,11/24/2017,48,54.0%,0.121,9.9,28.3%,59.0%,0.179,20.2,15.6%,NYK,2,2,1,1,12
19,ATL,11/25/2017,48,38.7%,0.307,19.6,16.7%,62.5%,0.107,17.2,30.6%,TOR,1,1,0,1,-34
20,ATL,11/30/2017,48,59.5%,0.304,18.1,22.2%,63.3%,0.342,20.2,36.4%,CLE,5,2,0,1,-7
21,ATL,12/02/2017,48,52.5%,0.141,9.8,27.7%,51.8%,0.256,19.3,26.1%,BKN,2,3,1,0,12
22,ATL,12/04/2017,48,42.1%,0.32899999999999996,17.5,18.4%,57.1%,0.17600000000000002,23.2,29.3%,BKN,2,2,0,1,-20
23,ATL,12/06/2017,53,48.9%,0.215,17.3,22.0%,50.0%,0.184,15.5,25.5%,ORL,2,2,0,0,-4
24,ATL,12/09/2017,48,61.9%,0.313,12.8,23.7%,56.0%,0.087,12.3,24.4%,ORL,3,1,1,1,7
25,ATL,12/10/2017,48,53.9%,0.39,16.8,18.2%,51.9%,0.425,11.9,17.1%,NYK,1,1,0,0,-4
26,ATL,12/12/2017,48,55.4%,0.141,10.2,24.4%,67.4%,0.11599999999999999,13.3,18.2%,CLE,2,3,0,0,-9
27,BKN,10/18/2017,48,54.3%,0.34,17.1,25.0%,56.4%,0.314,12.1,30.4%,IND,0,0,0,0,-9
28,BKN,10/20/2017,48,54.9%,0.38,16.3,32.6%,60.7%,0.16899999999999998,20.3,21.4%,ORL,2,2,1,1,5
29,BKN,10/22/2017,48,53.4%,0.391,16.8,28.9%,37.8%,0.38299999999999995,14.6,29.6%,ATL,2,2,1,1,12
30,BKN,10/24/2017,48,47.4%,0.354,14.2,26.9%,54.2%,0.48200000000000004,10.4,14.6%,ORL,2,3,0,0,-4
31,BKN,10/25/2017,48,52.2%,0.226,12.4,20.8%,55.6%,0.321,20.1,24.3%,CLE,1,1,1,1,5
32,BKN,10/27/2017,48,47.3%,0.28,16.8,12.2%,49.5%,0.17300000000000001,12.2,38.8%,NYK,2,3,0,0,-21
33,BKN,10/29/2017,48,46.9%,0.32299999999999995,13.9,28.8%,55.9%,0.23399999999999999,5.7,9.3%,DEN,2,2,0,1,-13
34,BKN,10/31/2017,48,45.6%,0.294,6.1,11.1%,52.1%,0.25,17.2,21.3%,PHX,2,3,0,1,-8
35,BKN,11/03/2017,48,45.6%,0.418,13.8,13.8%,55.9%,0.287,13.9,16.7%,LAL,3,1,0,0,-12
36,BKN,11/06/2017,48,44.8%,0.33299999999999996,15.3,22.4%,38.4%,0.40700000000000003,16.3,27.5%,PHX,3,1,1,0,6
37,BKN,11/07/2017,48,48.9%,0.247,21.6,17.4%,52.2%,0.215,17.0,18.8%,DEN,1,3,0,0,-8
38,BKN,11/10/2017,48,49.5%,0.209,10.2,22.0%,46.3%,0.11599999999999999,11.1,24.0%,POR,3,3,1,0,4
39,BKN,11/11/2017,48,50.7%,0.513,17.0,23.8%,54.7%,0.294,16.0,27.9%,UTA,1,1,0,0,-8
40,BKN,11/14/2017,48,52.3%,0.182,14.8,18.4%,50.6%,0.314,13.6,20.9%,BOS,3,2,0,1,-7
41,BKN,11/17/2017,48,61.3%,0.23800000000000002,12.8,12.1%,57.0%,0.304,16.7,23.8%,UTA,3,2,1,1,11
42,BKN,11/19/2017,48,44.2%,0.41100000000000003,11.6,20.3%,56.7%,0.256,13.7,13.3%,GSW,2,1,0,1,-7
43,BKN,11/22/2017,48,60.5%,0.198,19.2,21.6%,61.0%,0.32899999999999996,10.0,10.5%,CLE,3,2,0,0,-10
44,BKN,11/24/2017,48,55.0%,0.21,8.6,28.3%,53.1%,0.365,6.6,26.1%,POR,2,2,0,1,-2
45,BKN,11/26/2017,48,53.4%,0.311,20.9,33.3%,45.0%,0.225,15.4,26.2%,MEM,2,2,1,0,10
46,BKN,11/27/2017,48,52.3%,0.198,13.8,15.0%,60.5%,0.233,14.7,17.8%,HOU,1,2,0,0,-14
47,BKN,11/29/2017,48,52.8%,0.278,13.9,27.5%,51.8%,0.25,11.3,15.6%,DAL,2,2,1,0,5
48,BKN,12/02/2017,48,51.8%,0.256,19.3,26.1%,52.5%,0.141,9.8,27.7%,ATL,3,2,0,1,-12
49,BKN,12/04/2017,48,57.1%,0.17600000000000002,23.2,29.3%,42.1%,0.32899999999999996,17.5,18.4%,ATL,2,2,1,0,20
50,BKN,12/07/2017,48,50.6%,0.375,15.7,15.9%,42.3%,0.235,11.6,28.8%,OKC,3,2,1,1,5
51,BKN,12/09/2017,48,45.1%,0.235,14.7,18.2%,51.1%,0.156,6.4,18.6%,MIA,2,3,0,1,-12
52,BKN,12/12/2017,48,46.4%,0.39299999999999996,13.5,19.6%,42.1%,0.23199999999999998,10.6,21.4%,WAS,3,3,1,1,5
53,BOS,10/17/2017,48,45.5%,0.284,11.8,18.0%,48.8%,0.301,16.7,19.6%,CLE,0,0,0,0,-3
54,BOS,10/18/2017,48,48.9%,0.231,14.4,22.0%,54.6%,0.395,15.3,15.8%,MIL,1,0,0,1,-8
55,BOS,10/20/2017,48,47.6%,0.381,18.4,29.8%,43.5%,0.174,16.7,25.5%,PHI,2,2,1,0,10
56,BOS,10/24/2017,48,58.7%,0.36,14.6,13.5%,42.9%,0.294,14.1,23.4%,NYK,4,3,1,1,21
57,BOS,10/26/2017,48,49.4%,0.282,16.4,14.6%,52.6%,0.182,18.2,4.9%,MIL,2,3,1,0,7
58,BOS,10/28/2017,48,45.7%,0.321,12.8,24.4%,47.5%,0.203,19.2,16.7%,MIA,2,3,1,0,6
59,BOS,10/30/2017,48,54.0%,0.182,15.8,34.9%,48.3%,0.23,11.6,23.5%,SAS,2,1,1,1,14
60,BOS,11/01/2017,48,59.1%,0.23199999999999998,20.4,45.7%,46.9%,0.14800000000000002,15.9,16.3%,SAC,2,1,1,1,27
61,BOS,11/03/2017,48,50.6%,0.28600000000000003,11.6,22.9%,47.7%,0.161,12.7,22.4%,OKC,2,3,1,0,7
62,BOS,11/05/2017,48,50.0%,0.225,13.6,20.5%,39.6%,0.198,12.8,18.2%,ORL,2,2,1,0,16
63,BOS,11/06/2017,48,56.8%,0.272,14.3,18.4%,56.2%,0.247,14.2,12.5%,ATL,1,1,1,0,3
64,BOS,11/08/2017,48,42.3%,0.316,12.8,30.8%,46.5%,0.271,20.2,27.3%,LAL,2,3,1,1,11
65,BOS,11/10/2017,48,41.1%,0.298,13.1,18.4%,42.5%,0.413,13.8,14.9%,CHA,2,3,1,1,3
66,BOS,11/12/2017,48,46.0%,0.218,15.7,33.3%,53.6%,0.33299999999999996,18.9,16.2%,TOR,2,3,1,1,1
67,BOS,11/14/2017,48,50.6%,0.314,13.6,20.9%,52.3%,0.182,14.8,18.4%,BKN,2,3,1,0,7
68,BOS,11/16/2017,48,37.3%,0.48100000000000004,14.5,14.9%,46.3%,0.23199999999999998,15.3,13.5%,GSW,2,3,1,1,4
69,BOS,11/18/2017,48,57.3%,0.244,16.4,23.7%,53.2%,0.256,14.8,15.8%,ATL,2,3,1,0,11
70,BOS,11/20/2017,53,53.0%,0.31,15.8,11.9%,44.3%,0.20800000000000002,10.2,14.3%,DAL,2,2,1,0,8
71,BOS,11/22/2017,48,47.0%,0.321,11.0,14.6%,55.6%,0.198,16.5,18.9%,MIA,2,3,0,0,-6
72,BOS,11/24/2017,48,55.5%,0.275,9.2,27.1%,47.9%,0.2,12.1,32.7%,ORL,2,2,1,1,15
73,BOS,11/25/2017,48,62.5%,0.113,15.8,13.3%,53.2%,0.192,21.1,27.8%,IND,1,1,1,0,10
74,BOS,11/27/2017,48,62.3%,0.273,17.3,13.5%,58.2%,0.271,8.4,20.5%,DET,2,3,0,1,-10
75,BOS,11/30/2017,48,58.2%,0.253,17.4,18.9%,51.2%,0.214,19.8,31.3%,PHI,3,1,1,1,11
76,BOS,12/02/2017,48,61.3%,0.28800000000000003,9.5,11.4%,51.0%,0.109,11.8,37.2%,PHX,2,3,1,1,5
77,BOS,12/04/2017,48,61.5%,0.244,16.1,24.2%,50.6%,0.308,10.5,7.5%,MIL,2,2,1,1,11
78,BOS,12/06/2017,48,48.3%,0.195,12.3,18.8%,44.8%,0.198,11.2,12.0%,DAL,2,2,1,1,7
79,BOS,12/08/2017,48,52.4%,0.205,15.0,25.6%,51.9%,0.29600000000000004,14.4,33.3%,SAS,2,2,0,0,-3
80,BOS,12/10/2017,48,48.7%,0.228,15.2,20.5%,39.3%,0.226,10.9,21.2%,DET,2,2,1,0,10
81,BOS,12/11/2017,48,45.8%,0.16899999999999998,17.0,23.4%,55.6%,0.309,9.9,22.2%,CHI,1,2,0,0,-23
82,CHA,10/18/2017,48,45.9%,0.397,17.0,7.3%,47.4%,0.125,8.9,17.0%,DET,0,0,0,0,-12
83,CHA,10/20/2017,48,49.4%,0.349,19.4,27.3%,41.6%,0.147,12.0,11.8%,ATL,2,2,1,1,18
84,CHA,10/23/2017,48,46.8%,0.462,14.3,21.3%,52.4%,0.188,13.0,11.6%,MIL,3,2,0,0,-9
85,CHA,10/25/2017,48,54.9%,0.321,14.5,23.3%,42.0%,0.15,13.6,31.0%,DEN,2,2,1,1,17
86,CHA,10/27/2017,48,43.8%,0.318,9.2,20.0%,57.6%,0.153,16.0,17.5%,HOU,2,2,0,1,-16
87,CHA,10/29/2017,48,57.7%,0.175,15.5,28.6%,47.9%,0.268,10.0,16.1%,ORL,2,2,1,1,7
88,CHA,10/30/2017,48,45.5%,0.326,11.6,21.3%,38.7%,0.355,6.8,19.3%,MEM,1,2,1,0,5
89,CHA,11/01/2017,48,61.9%,0.345,10.9,18.4%,59.9%,0.165,13.6,20.9%,MIL,2,1,1,1,5
90,CHA,11/03/2017,48,46.3%,0.525,12.1,22.4%,52.4%,0.313,15.5,16.7%,SAS,2,1,0,0,-7
91,CHA,11/05/2017,48,46.6%,0.23600000000000002,11.1,19.2%,51.8%,0.361,16.0,28.6%,MIN,2,1,0,0,-18
92,CHA,11/07/2017,48,54.4%,0.187,13.8,37.0%,68.0%,0.28,17.0,20.7%,NYK,2,2,0,0,-5
93,CHA,11/10/2017,48,42.5%,0.413,13.8,14.9%,41.1%,0.298,13.1,18.4%,BOS,3,2,0,0,-3
94,CHA,11/15/2017,48,51.2%,0.326,12.6,18.6%,51.1%,0.21100000000000002,13.8,32.7%,CLE,5,2,0,1,-8
95,CHA,11/17/2017,48,58.0%,0.42,12.5,13.9%,61.0%,0.14300000000000002,10.6,9.8%,CHI,2,2,0,0,-3
96,CHA,11/18/2017,48,45.4%,0.33299999999999996,8.0,17.8%,44.6%,0.22899999999999998,14.2,14.6%,LAC,1,1,1,1,15
97,CHA,11/20/2017,48,55.9%,0.341,16.4,28.2%,44.4%,0.289,10.7,19.6%,MIN,2,1,1,1,16
98,CHA,11/22/2017,53,52.7%,0.44,11.3,29.2%,54.0%,0.222,11.5,20.9%,WAS,2,2,1,1,5
99,CHA,11/24/2017,48,44.1%,0.287,9.0,26.3%,53.6%,0.18100000000000002,12.2,7.0%,CLE,2,2,0,0,-1
100,CHA,11/25/2017,48,39.3%,0.31,14.7,27.5%,51.9%,0.309,11.6,22.2%,SAS,1,3,0,1,-20
101,CHA,11/29/2017,48,52.5%,0.44299999999999995,12.9,20.0%,60.2%,0.11199999999999999,8.9,27.5%,TOR,4,4,0,0,-13
102,CHA,12/01/2017,48,51.3%,0.266,21.9,25.0%,57.5%,0.263,21.5,23.1%,MIA,2,2,0,0,-5
103,CHA,12/04/2017,48,42.3%,0.47600000000000003,14.2,23.9%,50.0%,0.171,19.4,10.9%,ORL,3,1,1,1,10
104,CHA,12/06/2017,48,38.1%,0.175,11.7,26.4%,54.2%,0.155,15.5,18.6%,GSW,2,2,0,1,-14
105,CHA,12/08/2017,53,45.0%,0.29,9.6,15.3%,51.5%,0.222,12.0,12.8%,CHI,2,2,0,1,-8
106,CHA,12/09/2017,48,48.4%,0.151,10.9,18.4%,55.9%,0.247,13.7,15.0%,LAL,1,2,0,1,-11
107,CHA,12/11/2017,48,61.1%,0.29600000000000004,15.4,24.3%,46.5%,0.294,15.0,25.6%,OKC,2,2,1,0,13
108,CHI,10/19/2017,48,47.2%,0.213,17.9,21.7%,54.8%,0.337,17.1,31.0%,TOR,0,0,0,0,-17
109,CHI,10/21/2017,48,42.7%,0.11,20.4,17.4%,41.4%,0.172,11.3,25.9%,SAS,2,3,0,1,-10
110,CHI,10/24/2017,48,57.4%,0.14800000000000002,12.3,20.5%,61.4%,0.265,9.6,20.5%,CLE,3,3,0,0,-7
111,CHI,10/26/2017,48,40.1%,0.337,16.5,35.3%,46.3%,0.16,11.1,13.7%,ATL,2,3,1,1,5
112,CHI,10/28/2017,48,34.6%,0.256,21.1,22.6%,51.7%,0.159,12.6,23.9%,OKC,2,1,0,1,-32
113,CHI,11/01/2017,48,44.4%,0.213,11.7,13.5%,48.2%,0.22899999999999998,11.1,6.0%,MIA,4,2,0,0,-6
114,CHI,11/03/2017,48,55.3%,0.141,17.3,22.5%,46.5%,0.057999999999999996,16.5,15.2%,ORL,2,2,1,0,22
115,CHI,11/04/2017,53,40.9%,0.121,17.7,25.4%,45.4%,0.253,14.1,10.6%,NOP,1,1,0,1,-6
116,CHI,11/07/2017,48,56.9%,0.35,15.1,21.1%,62.3%,0.29600000000000004,15.9,19.4%,TOR,3,2,0,0,-5
117,CHI,11/10/2017,48,43.5%,0.09699999999999999,12.2,20.0%,58.3%,0.14300000000000002,17.9,17.9%,IND,3,2,0,1,-18
118,CHI,11/11/2017,48,50.0%,0.151,13.0,12.2%,70.6%,0.188,14.3,25.8%,SAS,1,1,0,0,-39
119,CHI,11/15/2017,48,42.0%,0.267,17.9,14.0%,41.7%,0.514,15.3,25.6%,OKC,4,3,0,0,-13
120,CHI,11/17/2017,48,61.0%,0.14300000000000002,10.6,9.8%,58.0%,0.42,12.5,13.9%,CHA,2,2,1,1,3
121,CHI,11/19/2017,48,47.5%,0.139,12.0,23.5%,54.5%,0.247,10.9,20.5%,PHX,2,2,0,0,-8
122,CHI,11/21/2017,48,44.1%,0.17,14.0,26.8%,47.2%,0.278,13.6,23.5%,LAL,2,2,0,0,-9
123,CHI,11/22/2017,48,40.4%,0.256,16.9,17.8%,54.7%,0.221,7.5,18.6%,UTA,1,2,0,0,-30
124,CHI,11/24/2017,48,41.9%,0.152,13.9,23.2%,67.0%,0.231,10.5,18.2%,GSW,2,2,0,0,-49
125,CHI,11/26/2017,48,44.9%,0.18,14.4,13.7%,54.0%,0.307,13.4,2.4%,MIA,2,2,0,1,-7
126,CHI,11/28/2017,48,48.9%,0.106,9.1,17.0%,50.0%,0.264,15.1,28.9%,PHX,2,2,0,1,-5
127,CHI,11/30/2017,48,59.1%,0.256,11.4,15.4%,53.0%,0.373,12.3,24.4%,DEN,2,2,0,0,-1
128,CHI,12/01/2017,48,53.9%,0.14400000000000002,9.3,18.6%,56.5%,0.165,12.6,21.1%,SAC,1,3,0,1,-1
129,CHI,12/04/2017,48,47.0%,0.22,12.1,19.6%,59.9%,0.21,8.7,13.2%,CLE,3,2,0,1,-22
130,CHI,12/06/2017,48,53.0%,0.193,16.8,25.6%,51.7%,0.115,13.3,16.7%,IND,2,2,0,0,-2
131,CHI,12/08/2017,53,51.5%,0.222,12.0,12.8%,45.0%,0.29,9.6,15.3%,CHA,2,2,1,0,8
132,CHI,12/09/2017,48,55.5%,0.28,15.1,20.0%,51.1%,0.099,14.7,20.0%,NYK,1,3,1,1,2
133,CHI,12/11/2017,48,55.6%,0.309,9.9,22.2%,45.8%,0.16899999999999998,17.0,23.4%,BOS,2,1,1,1,23
134,CLE,10/17/2017,48,48.8%,0.301,16.7,19.6%,45.5%,0.284,11.8,18.0%,BOS,0,0,1,1,3
135,CLE,10/20/2017,48,61.1%,0.21,18.5,29.0%,53.0%,0.146,15.9,18.6%,MIL,3,2,1,0,19
136,CLE,10/21/2017,48,42.4%,0.314,15.6,22.4%,53.9%,0.222,12.1,26.7%,ORL,1,1,0,1,-21
137,CLE,10/24/2017,48,61.4%,0.265,9.6,20.5%,57.4%,0.14800000000000002,12.3,20.5%,CHI,3,3,1,1,7
138,CLE,10/25/2017,48,55.6%,0.321,20.1,24.3%,52.2%,0.226,12.4,20.8%,BKN,1,1,0,0,-5
139,CLE,10/28/2017,48,53.8%,0.295,17.8,11.9%,58.4%,0.168,10.7,23.8%,NOP,3,2,0,0,-22
140,CLE,10/29/2017,48,44.4%,0.33299999999999996,14.9,14.9%,54.5%,0.23600000000000002,13.8,24.4%,NYK,1,2,0,1,-19
141,CLE,11/01/2017,48,54.1%,0.233,15.6,18.6%,63.3%,0.14400000000000002,13.8,19.5%,IND,3,1,0,1,-17
142,CLE,11/03/2017,48,63.4%,0.341,14.8,22.2%,60.1%,0.369,15.3,25.7%,WAS,2,2,1,0,8
143,CLE,11/05/2017,48,49.0%,0.24,12.5,31.3%,54.1%,0.395,15.9,25.6%,ATL,2,2,0,1,-2
144,CLE,11/07/2017,48,55.5%,0.46299999999999997,13.0,30.0%,64.5%,0.193,16.3,22.9%,MIL,2,4,1,1,5
145,CLE,11/09/2017,48,63.0%,0.17300000000000001,18.6,12.5%,57.1%,0.46799999999999997,22.5,43.6%,HOU,2,4,0,0,-4
146,CLE,11/11/2017,48,50.6%,0.43200000000000005,16.4,23.3%,47.8%,0.228,10.7,17.3%,DAL,2,4,1,0,7
147,CLE,11/13/2017,48,48.9%,0.25,20.1,28.0%,47.7%,0.25,16.7,27.7%,NYK,2,2,1,0,3
148,CLE,11/15/2017,48,51.1%,0.21100000000000002,13.8,32.7%,51.2%,0.326,12.6,18.6%,CHA,2,5,1,0,8
149,CLE,11/17/2017,53,52.8%,0.322,13.7,16.0%,49.5%,0.136,13.5,23.2%,LAC,2,4,1,1,5
150,CLE,11/20/2017,48,62.5%,0.213,12.0,20.6%,52.6%,0.16899999999999998,15.6,16.7%,DET,3,1,1,0,28
151,CLE,11/22/2017,48,61.0%,0.32899999999999996,10.0,10.5%,60.5%,0.198,19.2,21.6%,BKN,2,3,1,1,10
152,CLE,11/24/2017,48,53.6%,0.18100000000000002,12.2,7.0%,44.1%,0.287,9.0,26.3%,CHA,2,2,1,1,1
153,CLE,11/27/2017,48,56.4%,0.233,12.5,26.2%,39.1%,0.20800000000000002,14.5,38.6%,PHI,3,2,1,0,22
154,CLE,11/28/2017,48,56.2%,0.284,14.0,12.8%,50.0%,0.23800000000000002,15.0,16.7%,MIA,1,2,1,1,11
155,CLE,11/30/2017,48,63.3%,0.342,20.2,36.4%,59.5%,0.304,18.1,22.2%,ATL,2,5,1,0,7
156,CLE,12/02/2017,48,63.3%,0.307,11.6,3.2%,58.9%,0.16699999999999998,13.4,16.7%,MEM,2,1,1,1,5
157,CLE,12/04/2017,48,59.9%,0.21,8.7,13.2%,47.0%,0.22,12.1,19.6%,CHI,2,3,1,0,22
158,CLE,12/06/2017,48,56.4%,0.26899999999999996,15.7,16.3%,51.2%,0.151,14.5,20.0%,SAC,2,4,1,1,6
159,CLE,12/08/2017,48,49.4%,0.256,12.2,19.1%,52.9%,0.27899999999999997,10.6,25.5%,IND,2,2,0,0,-4
160,CLE,12/09/2017,48,57.3%,0.32,18.5,15.8%,54.5%,0.16699999999999998,19.8,20.6%,PHI,1,2,1,1,7
161,CLE,12/12/2017,48,67.4%,0.11599999999999999,13.3,18.2%,55.4%,0.141,10.2,24.4%,ATL,3,2,1,1,9
162,DAL,10/18/2017,48,54.1%,0.244,15.6,20.0%,55.9%,0.16,13.1,30.4%,ATL,0,0,0,1,-6
163,DAL,10/20/2017,48,48.7%,0.28,13.4,14.6%,48.3%,0.149,16.4,35.6%,SAC,2,2,0,1,-5
164,DAL,10/21/2017,48,44.6%,0.25,14.1,14.8%,54.3%,0.268,15.2,19.5%,HOU,1,3,0,0,-16
165,DAL,10/23/2017,48,44.3%,0.313,11.2,25.9%,64.5%,0.302,15.5,26.3%,GSW,2,2,0,1,-30
166,DAL,10/25/2017,48,56.1%,0.392,11.7,11.8%,54.2%,0.33299999999999996,19.0,16.2%,MEM,2,2,1,1,9
167,DAL,10/26/2017,48,39.4%,0.213,14.2,32.7%,47.9%,0.41100000000000003,18.9,20.5%,MEM,1,1,0,0,-5
168,DAL,10/28/2017,48,64.2%,0.257,18.5,8.8%,58.6%,0.161,14.6,26.8%,PHI,2,3,0,1,-2
169,DAL,10/30/2017,48,52.6%,0.145,25.0,23.7%,56.8%,0.185,14.6,15.4%,UTA,2,2,0,0,-15
170,DAL,11/01/2017,48,46.1%,0.225,13.6,17.6%,60.9%,0.37200000000000005,16.0,19.4%,LAC,2,2,0,0,-21
171,DAL,11/03/2017,48,43.8%,0.25,14.5,17.0%,44.4%,0.292,13.3,19.1%,NOP,2,2,0,1,-5
172,DAL,11/04/2017,48,51.7%,0.138,15.0,15.6%,60.8%,0.253,19.6,29.4%,MIN,1,3,0,0,-13
173,DAL,11/07/2017,48,53.3%,0.22,11.9,23.4%,49.3%,0.42700000000000005,14.8,6.7%,WAS,3,2,1,0,14
174,DAL,11/11/2017,48,47.8%,0.228,10.7,17.3%,50.6%,0.43200000000000005,16.4,23.3%,CLE,4,2,0,1,-7
175,DAL,11/12/2017,48,48.9%,0.207,19.2,24.4%,60.4%,0.45799999999999996,16.9,9.1%,OKC,1,2,0,0,-13
176,DAL,11/14/2017,48,46.9%,0.222,15.2,11.4%,48.1%,0.342,12.6,18.6%,SAS,2,3,0,1,-6
177,DAL,11/17/2017,48,41.9%,0.198,11.8,22.9%,54.2%,0.27399999999999997,10.7,26.8%,MIN,3,2,0,1,-24
178,DAL,11/18/2017,48,60.1%,0.24100000000000002,18.3,18.9%,41.9%,0.419,14.0,16.0%,MIL,1,3,1,1,32
179,DAL,11/20/2017,53,44.3%,0.20800000000000002,10.2,14.3%,53.0%,0.31,15.8,11.9%,BOS,2,2,0,1,-8
180,DAL,11/22/2017,48,47.8%,0.17600000000000002,7.8,8.0%,50.0%,0.17300000000000001,17.3,14.3%,MEM,2,2,1,0,1
181,DAL,11/25/2017,48,59.3%,0.147,19.1,20.5%,44.4%,0.163,17.9,18.6%,OKC,3,1,1,1,16
182,DAL,11/27/2017,48,56.5%,0.2,11.1,9.3%,58.5%,0.256,10.3,10.0%,SAS,2,2,0,0,-7
183,DAL,11/29/2017,48,51.8%,0.25,11.3,15.6%,52.8%,0.278,13.9,27.5%,BKN,2,2,0,1,-5
184,DAL,12/02/2017,48,55.7%,0.32899999999999996,18.4,35.7%,38.4%,0.267,11.4,22.0%,LAC,3,2,1,1,26
185,DAL,12/04/2017,48,64.0%,0.198,7.3,12.8%,49.5%,0.253,7.5,28.8%,DEN,2,2,1,1,17
186,DAL,12/06/2017,48,44.8%,0.198,11.2,12.0%,48.3%,0.195,12.3,18.8%,BOS,2,2,0,0,-7
187,DAL,12/08/2017,48,53.3%,0.34700000000000003,12.7,10.8%,50.6%,0.43,10.3,17.9%,MIL,2,2,0,0,-7
188,DAL,12/10/2017,48,52.5%,0.111,12.2,14.3%,54.9%,0.319,19.8,25.0%,MIN,2,4,0,0,-5
189,DEN,10/18/2017,48,55.2%,0.156,22.6,18.9%,56.2%,0.198,15.5,16.2%,UTA,0,0,0,0,-10
190,DEN,10/21/2017,48,49.4%,0.235,17.4,40.0%,41.2%,0.153,15.1,23.1%,SAC,3,1,1,1,17
191,DEN,10/23/2017,48,53.8%,0.28800000000000003,22.1,24.3%,49.4%,0.33299999999999996,14.8,22.2%,WAS,2,3,0,1,-5
192,DEN,10/25/2017,48,42.0%,0.15,13.6,31.0%,54.9%,0.321,14.5,23.3%,CHA,2,2,0,0,-17
193,DEN,10/27/2017,48,48.4%,0.253,11.8,25.6%,49.4%,0.135,12.6,23.9%,ATL,2,1,1,0,5
194,DEN,10/29/2017,48,55.9%,0.23399999999999999,5.7,9.3%,46.9%,0.32299999999999995,13.9,28.8%,BKN,2,2,1,0,13
195,DEN,10/30/2017,48,51.8%,0.365,13.2,25.5%,57.9%,0.28,22.1,32.4%,NYK,1,1,0,0,-6
196,DEN,11/01/2017,48,62.5%,0.33,11.6,23.7%,55.9%,0.294,13.9,20.9%,TOR,2,2,1,1,18
197,DEN,11/03/2017,48,50.6%,0.313,17.9,28.3%,56.5%,0.14300000000000002,23.8,22.2%,MIA,2,2,1,1,1
198,DEN,11/04/2017,48,49.4%,0.31,16.7,20.9%,64.8%,0.187,14.1,15.9%,GSW,1,2,0,1,-19
199,DEN,11/07/2017,48,52.2%,0.215,17.0,18.8%,48.9%,0.247,21.6,17.4%,BKN,3,1,1,1,8
200,DEN,11/09/2017,48,51.8%,0.268,19.7,35.0%,48.3%,0.156,18.7,36.7%,OKC,2,2,1,1,8
201,DEN,11/11/2017,48,59.8%,0.31,13.1,31.7%,53.4%,0.23,12.0,17.8%,ORL,2,1,1,1,18
202,DEN,11/13/2017,48,41.1%,0.179,20.3,25.5%,56.8%,0.247,23.2,25.8%,POR,2,3,0,0,-17
203,DEN,11/17/2017,48,73.0%,0.23600000000000002,15.0,38.2%,59.3%,0.11,12.9,18.6%,NOP,4,2,1,1,32
204,DEN,11/19/2017,48,50.6%,0.41700000000000004,20.3,34.0%,59.0%,0.16,13.8,30.2%,LAL,2,2,0,0,-18
205,DEN,11/20/2017,48,57.6%,0.233,14.8,32.6%,52.3%,0.105,14.1,12.5%,SAC,1,2,1,0,16
206,DEN,11/22/2017,48,46.0%,0.264,20.4,28.3%,65.9%,0.28,17.6,22.2%,HOU,2,4,0,0,-30
207,DEN,11/24/2017,48,56.3%,0.32899999999999996,21.8,42.9%,55.5%,0.21899999999999997,18.9,7.9%,MEM,2,2,1,1,12
208,DEN,11/28/2017,48,40.4%,0.205,19.8,26.1%,56.3%,0.10300000000000001,11.8,23.1%,UTA,4,3,0,0,-29
209,DEN,11/30/2017,48,53.0%,0.373,12.3,24.4%,59.1%,0.256,11.4,15.4%,CHI,2,2,1,1,1
210,DEN,12/02/2017,48,52.9%,0.322,11.7,20.5%,49.4%,0.244,21.2,36.2%,LAL,2,3,1,1,15
211,DEN,12/04/2017,48,49.5%,0.253,7.5,28.8%,64.0%,0.198,7.3,12.8%,DAL,2,2,0,0,-17
212,DEN,12/06/2017,48,52.1%,0.23399999999999999,8.8,20.8%,60.5%,0.337,12.9,26.8%,NOP,2,2,0,0,-9
213,DEN,12/08/2017,48,52.9%,0.188,13.1,16.2%,42.8%,0.27699999999999997,15.4,22.4%,ORL,2,2,1,0,14
214,DEN,12/10/2017,53,54.2%,0.179,20.9,39.6%,58.1%,0.237,10.7,28.2%,IND,2,2,0,0,-10
215,DEN,12/12/2017,48,57.0%,0.177,17.7,17.1%,41.1%,0.278,21.3,22.4%,DET,2,2,1,0,19
216,DET,10/18/2017,48,47.4%,0.125,8.9,17.0%,45.9%,0.397,17.0,7.3%,CHA,0,0,1,1,12
217,DET,10/20/2017,48,55.2%,0.23,18.1,25.0%,57.3%,0.467,16.9,23.3%,WAS,2,2,0,0,-4
218,DET,10/21/2017,48,53.3%,0.165,13.6,35.7%,50.6%,0.38299999999999995,14.5,30.0%,NYK,1,2,1,0,4
219,DET,10/23/2017,48,42.4%,0.22399999999999998,14.2,18.0%,52.7%,0.32,21.3,21.1%,PHI,2,2,0,1,-11
220,DET,10/25/2017,48,60.3%,0.185,14.6,28.6%,48.8%,0.247,13.8,16.7%,MIN,2,1,1,1,21
221,DET,10/28/2017,48,46.0%,0.239,13.2,25.0%,42.3%,0.262,19.5,28.3%,LAC,3,2,1,0,8
222,DET,10/29/2017,48,52.7%,0.183,14.4,36.2%,63.6%,0.156,26.5,33.3%,GSW,1,2,1,0,8
223,DET,10/31/2017,48,48.9%,0.032,13.2,19.2%,56.0%,0.154,14.0,24.4%,LAL,2,3,0,0,-20
224,DET,11/03/2017,48,52.6%,0.359,14.4,19.4%,53.0%,0.10800000000000001,14.9,17.9%,MIL,3,2,1,1,9
225,DET,11/04/2017,48,58.9%,0.278,15.7,21.6%,59.2%,0.171,18.6,10.0%,SAC,1,3,1,1,9
226,DET,11/08/2017,48,59.0%,0.301,17.3,20.5%,47.2%,0.205,14.4,14.3%,IND,4,1,1,1,17
227,DET,11/10/2017,48,50.6%,0.303,17.4,37.0%,53.9%,0.124,16.2,26.2%,ATL,2,4,1,1,7
228,DET,11/12/2017,48,56.3%,0.23,13.3,25.6%,50.6%,0.17800000000000002,9.1,14.0%,MIA,2,2,1,1,9
229,DET,11/15/2017,48,44.1%,0.271,18.7,34.7%,53.8%,0.26899999999999996,16.4,28.2%,MIL,3,2,0,0,-4
230,DET,11/17/2017,48,49.5%,0.10800000000000001,11.3,22.4%,52.2%,0.23600000000000002,10.5,28.9%,IND,2,2,0,0,-7
231,DET,11/19/2017,48,51.8%,0.24100000000000002,19.0,25.6%,54.5%,0.231,20.8,18.8%,MIN,2,2,1,0,3
232,DET,11/20/2017,48,52.6%,0.16899999999999998,15.6,16.7%,62.5%,0.213,12.0,20.6%,CLE,1,3,0,1,-28
233,DET,11/24/2017,48,54.8%,0.107,20.8,20.0%,46.9%,0.08199999999999999,14.5,27.1%,OKC,4,2,1,0,1
234,DET,11/27/2017,48,58.2%,0.271,8.4,20.5%,62.3%,0.273,17.3,13.5%,BOS,3,2,1,0,10
235,DET,11/29/2017,48,64.6%,0.23600000000000002,16.9,14.7%,50.6%,0.33299999999999996,19.2,17.0%,PHX,2,1,1,1,24
236,DET,12/01/2017,48,50.0%,0.24100000000000002,15.3,10.8%,52.2%,0.213,11.9,36.4%,WAS,2,2,0,0,-18
237,DET,12/02/2017,48,49.4%,0.41,18.3,18.9%,46.5%,0.37200000000000005,17.8,37.0%,PHI,1,2,0,0,-5
238,DET,12/04/2017,48,45.9%,0.282,10.1,14.6%,51.2%,0.146,18.0,22.2%,SAS,2,1,0,0,-3
239,DET,12/06/2017,48,47.1%,0.31,12.8,37.8%,54.4%,0.32899999999999996,13.4,31.0%,MIL,2,2,0,0,-4
240,DET,12/08/2017,48,47.8%,0.207,13.2,27.3%,52.5%,0.272,14.0,12.8%,GSW,2,2,0,1,-4
241,DET,12/10/2017,48,39.3%,0.226,10.9,21.2%,48.7%,0.228,15.2,20.5%,BOS,2,2,0,1,-10
242,DET,12/12/2017,48,41.1%,0.278,21.3,22.4%,57.0%,0.177,17.7,17.1%,DEN,2,2,0,1,-19
243,GSW,10/17/2017,48,63.8%,0.263,17.0,15.4%,56.2%,0.196,12.0,22.2%,HOU,0,0,0,1,-1
244,GSW,10/20/2017,48,61.5%,0.22,16.7,22.2%,54.1%,0.22399999999999998,17.2,29.1%,NOP,3,2,1,0,8
245,GSW,10/21/2017,48,46.4%,0.321,16.9,26.1%,53.2%,0.48100000000000004,13.8,15.0%,MEM,1,3,0,0,-10
246,GSW,10/23/2017,48,64.5%,0.302,15.5,26.3%,44.3%,0.313,11.2,25.9%,DAL,2,2,1,0,30
247,GSW,10/25/2017,48,63.6%,0.28600000000000003,17.4,19.4%,50.0%,0.20199999999999999,17.4,35.4%,TOR,2,2,1,1,5
248,GSW,10/27/2017,48,53.7%,0.21100000000000002,16.9,34.1%,52.1%,0.22699999999999998,13.7,24.0%,WAS,2,2,1,1,3
249,GSW,10/29/2017,48,63.6%,0.156,26.5,33.3%,52.7%,0.183,14.4,36.2%,DET,2,1,0,1,-8
250,GSW,10/30/2017,48,66.3%,0.337,12.0,35.0%,51.2%,0.349,14.3,22.0%,LAC,1,2,1,0,28
251,GSW,11/02/2017,48,60.2%,0.193,14.1,13.5%,43.1%,0.264,18.6,28.0%,SAS,3,3,1,0,20
252,GSW,11/04/2017,48,64.8%,0.187,14.1,15.9%,49.4%,0.31,16.7,20.9%,DEN,2,1,1,0,19
253,GSW,11/06/2017,48,43.1%,0.276,15.1,26.0%,41.0%,0.205,21.6,15.6%,MIA,2,1,1,1,17
254,GSW,11/08/2017,48,65.3%,0.212,17.4,8.6%,44.0%,0.293,12.9,17.6%,MIN,2,3,1,1,24
255,GSW,11/11/2017,48,67.1%,0.317,20.5,13.8%,53.2%,0.213,18.2,27.1%,PHI,3,2,1,1,21
256,GSW,11/13/2017,48,54.5%,0.182,16.2,27.9%,47.7%,0.205,10.7,9.5%,ORL,2,2,1,1,10
257,GSW,11/16/2017,48,46.3%,0.23199999999999998,15.3,13.5%,37.3%,0.48100000000000004,14.5,14.9%,BOS,3,2,0,0,-4
258,GSW,11/18/2017,48,58.8%,0.22,12.8,27.5%,53.6%,0.165,10.6,22.9%,PHI,2,3,1,0,8
259,GSW,11/19/2017,48,56.7%,0.256,13.7,13.3%,44.2%,0.41100000000000003,11.6,20.3%,BKN,1,2,1,0,7
260,GSW,11/22/2017,48,47.5%,0.225,21.4,15.9%,50.0%,0.289,16.1,28.9%,OKC,3,2,0,0,-17
261,GSW,11/24/2017,48,67.0%,0.231,10.5,18.2%,41.9%,0.152,13.9,23.2%,CHI,2,2,1,1,49
262,GSW,11/25/2017,48,46.8%,0.287,9.5,23.4%,47.0%,0.27399999999999997,16.6,21.4%,NOP,1,1,1,1,15
263,GSW,11/27/2017,48,60.0%,0.175,16.3,26.5%,58.9%,0.266,16.3,28.9%,SAC,2,2,0,1,-4
264,GSW,11/29/2017,53,56.4%,0.298,18.9,30.8%,54.2%,0.263,14.7,15.9%,LAL,2,2,1,0,4
265,GSW,12/01/2017,48,69.3%,0.125,18.1,24.1%,51.6%,0.188,14.2,27.1%,ORL,2,2,1,0,21
266,GSW,12/03/2017,48,62.5%,0.28600000000000003,10.3,23.3%,49.4%,0.21,12.6,12.8%,MIA,2,2,1,0,28
267,GSW,12/04/2017,48,60.9%,0.31,15.3,12.2%,58.2%,0.165,19.5,23.9%,NOP,1,2,1,0,10
268,GSW,12/06/2017,48,54.2%,0.155,15.5,18.6%,38.1%,0.175,11.7,26.4%,CHA,2,2,1,0,14
269,GSW,12/08/2017,48,52.5%,0.272,14.0,12.8%,47.8%,0.207,13.2,27.3%,DET,2,2,1,0,4
270,GSW,12/11/2017,48,61.3%,0.213,14.7,18.2%,46.0%,0.284,10.3,25.0%,POR,3,2,1,1,7
271,HOU,10/17/2017,48,56.2%,0.196,12.0,22.2%,63.8%,0.263,17.0,15.4%,GSW,0,0,1,0,1
272,HOU,10/18/2017,48,47.0%,0.349,16.0,26.7%,52.3%,0.114,17.8,22.0%,SAC,1,0,1,0,5
273,HOU,10/21/2017,48,54.3%,0.268,15.2,19.5%,44.6%,0.25,14.1,14.8%,DAL,3,1,1,1,16
274,HOU,10/23/2017,48,47.4%,0.299,18.7,20.5%,47.1%,0.544,12.9,9.1%,MEM,2,2,0,1,-8
275,HOU,10/25/2017,48,56.0%,0.32,19.5,18.4%,50.5%,0.10300000000000001,15.2,26.7%,PHI,2,2,1,0,1
276,HOU,10/27/2017,48,57.6%,0.153,16.0,17.5%,43.8%,0.318,9.2,20.0%,CHA,2,2,1,0,16
277,HOU,10/28/2017,48,46.8%,0.273,19.5,18.2%,55.3%,0.141,9.6,14.6%,MEM,1,2,0,0,-14
278,HOU,10/30/2017,48,47.6%,0.45799999999999996,14.3,19.6%,61.3%,0.3,20.1,21.9%,PHI,2,2,0,1,-8
279,HOU,11/01/2017,48,58.5%,0.239,14.5,20.0%,47.8%,0.14400000000000002,17.5,14.0%,NYK,2,2,1,0,22
280,HOU,11/03/2017,48,56.2%,0.258,13.4,20.0%,54.9%,0.222,17.7,12.5%,ATL,2,2,1,0,15
281,HOU,11/05/2017,48,73.5%,0.259,19.8,16.7%,50.6%,0.273,13.4,17.8%,UTA,2,2,1,1,27
282,HOU,11/09/2017,48,57.1%,0.46799999999999997,22.5,43.6%,63.0%,0.17300000000000001,18.6,12.5%,CLE,4,2,1,1,4
283,HOU,11/11/2017,48,54.2%,0.337,15.9,23.4%,51.9%,0.228,19.6,12.5%,MEM,2,4,1,1,15
284,HOU,11/12/2017,48,57.2%,0.2,12.9,22.7%,49.4%,0.253,13.2,15.9%,IND,1,2,1,0,23
285,HOU,11/14/2017,48,49.4%,0.519,18.6,31.1%,61.5%,0.5379999999999999,13.3,12.8%,TOR,2,2,0,1,-16
286,HOU,11/16/2017,48,59.4%,0.42200000000000004,12.9,27.9%,50.0%,0.20199999999999999,13.4,29.1%,PHX,2,3,1,0,26
287,HOU,11/18/2017,48,56.4%,0.26899999999999996,17.0,21.4%,40.1%,0.221,14.1,29.4%,MEM,2,3,1,0,22
288,HOU,11/22/2017,48,65.9%,0.28,17.6,22.2%,46.0%,0.264,20.4,28.3%,DEN,4,2,1,1,30
289,HOU,11/25/2017,48,53.2%,0.23399999999999999,7.8,20.9%,51.8%,0.22399999999999998,17.1,15.4%,NYK,3,1,1,1,15
290,HOU,11/27/2017,48,60.5%,0.233,14.7,17.8%,52.3%,0.198,13.8,15.0%,BKN,2,1,1,1,14
291,HOU,11/29/2017,48,59.3%,0.244,15.8,25.0%,51.7%,0.068,14.2,13.3%,IND,2,2,1,1,21
292,HOU,12/03/2017,48,57.8%,0.18899999999999997,14.2,17.1%,43.5%,0.35700000000000004,19.6,23.4%,LAL,4,1,1,0,23
293,HOU,12/07/2017,48,58.0%,0.29600000000000004,16.9,22.2%,51.3%,0.35100000000000003,13.3,9.5%,UTA,4,2,1,0,11
294,HOU,12/09/2017,48,60.0%,0.56,12.2,21.2%,61.4%,0.136,15.6,20.0%,POR,2,4,1,0,7
295,HOU,12/11/2017,48,64.2%,0.284,8.7,10.3%,68.2%,0.153,17.5,15.8%,NOP,2,1,1,1,7
296,IND,10/18/2017,48,56.4%,0.314,12.1,30.4%,54.3%,0.34,17.1,25.0%,BKN,0,0,1,1,9
297,IND,10/20/2017,48,47.4%,0.423,12.2,13.0%,53.2%,0.179,9.0,25.0%,POR,2,2,0,1,-18
298,IND,10/21/2017,48,48.4%,0.21899999999999997,10.7,25.0%,59.8%,0.161,13.8,15.8%,MIA,1,3,0,0,-4
299,IND,10/24/2017,48,72.6%,0.131,18.2,30.8%,54.1%,0.256,13.9,20.9%,MIN,3,2,1,0,23
300,IND,10/25/2017,48,39.8%,0.42200000000000004,18.4,29.8%,53.9%,0.292,19.1,37.2%,OKC,1,3,0,0,-18
301,IND,10/29/2017,48,53.2%,0.26,19.2,15.8%,45.0%,0.2,16.5,24.0%,SAS,4,2,1,1,3
302,IND,10/31/2017,48,49.4%,0.259,15.7,28.0%,43.2%,0.159,15.1,20.4%,SAC,2,2,1,1,18
303,IND,11/01/2017,48,63.3%,0.14400000000000002,13.8,19.5%,54.1%,0.233,15.6,18.6%,CLE,1,3,1,0,17
304,IND,11/03/2017,48,50.5%,0.196,11.0,17.4%,59.8%,0.152,18.8,27.3%,PHI,2,2,0,0,-11
305,IND,11/05/2017,48,54.4%,0.215,12.7,10.5%,53.4%,0.21600000000000003,12.5,28.6%,NYK,2,2,0,0,-7
306,IND,11/07/2017,48,52.2%,0.19399999999999998,10.9,25.6%,58.6%,0.253,13.2,26.8%,NOP,2,3,0,1,-5
307,IND,11/08/2017,48,47.2%,0.205,14.4,14.3%,59.0%,0.301,17.3,20.5%,DET,1,4,0,0,-17
308,IND,11/10/2017,48,58.3%,0.14300000000000002,17.9,17.9%,43.5%,0.09699999999999999,12.2,20.0%,CHI,2,3,1,0,18
309,IND,11/12/2017,48,49.4%,0.253,13.2,15.9%,57.2%,0.2,12.9,22.7%,HOU,2,1,0,1,-23
310,IND,11/15/2017,48,57.6%,0.235,11.9,13.5%,55.8%,0.256,14.2,26.2%,MEM,3,2,1,0,3
311,IND,11/17/2017,48,52.2%,0.23600000000000002,10.5,28.9%,49.5%,0.10800000000000001,11.3,22.4%,DET,2,2,1,1,7
312,IND,11/19/2017,48,66.5%,0.094,15.0,26.5%,50.0%,0.16899999999999998,17.7,23.3%,MIA,2,2,1,0,25
313,IND,11/20/2017,48,46.1%,0.326,12.2,17.0%,49.4%,0.27399999999999997,20.9,21.6%,ORL,1,2,1,0,8
314,IND,11/24/2017,48,52.4%,0.325,15.9,22.2%,54.9%,0.247,19.5,18.4%,TOR,4,2,1,1,3
315,IND,11/25/2017,48,53.2%,0.192,21.1,27.8%,62.5%,0.113,15.8,13.3%,BOS,1,1,0,1,-10
316,IND,11/27/2017,48,62.7%,0.32899999999999996,16.3,24.2%,52.2%,0.174,14.4,22.2%,ORL,2,2,1,1,12
317,IND,11/29/2017,48,51.7%,0.068,14.2,13.3%,59.3%,0.244,15.8,25.0%,HOU,2,2,0,0,-21
318,IND,12/01/2017,48,48.0%,0.21600000000000003,10.2,30.0%,54.6%,0.21600000000000003,11.3,27.9%,TOR,2,2,0,0,-5
319,IND,12/04/2017,48,59.9%,0.174,15.7,20.0%,47.3%,0.17600000000000002,17.8,28.8%,NYK,3,1,1,1,18
320,IND,12/06/2017,48,51.7%,0.115,13.3,16.7%,53.0%,0.193,16.8,25.6%,CHI,2,2,1,1,2
321,IND,12/08/2017,48,52.9%,0.27899999999999997,10.6,25.5%,49.4%,0.256,12.2,19.1%,CLE,2,2,1,1,4
322,IND,12/10/2017,53,58.1%,0.237,10.7,28.2%,54.2%,0.179,20.9,39.6%,DEN,2,2,1,1,10
323,LAC,10/19/2017,48,44.9%,0.121,13.5,29.8%,42.9%,0.253,18.3,22.2%,LAL,0,0,1,0,16
324,LAC,10/21/2017,48,61.4%,0.341,11.6,23.8%,42.3%,0.535,19.3,8.7%,PHX,2,1,1,1,42
325,LAC,10/24/2017,48,53.0%,0.253,13.8,25.0%,47.5%,0.139,19.2,19.5%,UTA,3,3,1,1,18
326,LAC,10/26/2017,48,52.6%,0.46799999999999997,13.2,33.3%,47.2%,0.247,10.8,33.3%,POR,2,2,1,0,1
327,LAC,10/28/2017,48,42.3%,0.262,19.5,28.3%,46.0%,0.239,13.2,25.0%,DET,2,3,0,1,-8
328,LAC,10/30/2017,48,51.2%,0.349,14.3,22.0%,66.3%,0.337,12.0,35.0%,GSW,2,1,0,1,-28
329,LAC,11/01/2017,48,60.9%,0.37200000000000005,16.0,19.4%,46.1%,0.225,13.6,17.6%,DAL,2,2,1,1,21
330,LAC,11/04/2017,48,48.2%,0.373,13.7,33.3%,55.4%,0.28600000000000003,12.3,24.3%,MEM,3,3,0,1,-9
331,LAC,11/05/2017,48,44.3%,0.345,16.3,40.0%,52.4%,0.226,16.3,23.8%,MIA,1,2,0,1,-3
332,LAC,11/07/2017,48,57.9%,0.207,18.5,26.3%,62.5%,0.226,13.8,27.5%,SAS,2,2,0,0,-13
333,LAC,11/10/2017,48,53.6%,0.35700000000000004,19.0,35.6%,58.3%,0.513,12.4,26.8%,OKC,3,1,0,0,-9
334,LAC,11/11/2017,48,46.5%,0.314,11.8,15.7%,57.5%,0.3,21.8,21.6%,NOP,1,2,0,0,-8
335,LAC,11/13/2017,48,51.2%,0.39,14.7,18.0%,53.9%,0.455,19.5,28.6%,PHI,2,2,0,1,-4
336,LAC,11/17/2017,53,49.5%,0.136,13.5,23.2%,52.8%,0.322,13.7,16.0%,CLE,4,2,0,0,-5
337,LAC,11/18/2017,48,44.6%,0.22899999999999998,14.2,14.6%,45.4%,0.33299999999999996,8.0,17.8%,CHA,1,1,0,0,-15
338,LAC,11/20/2017,48,43.8%,0.263,21.7,21.3%,51.2%,0.309,22.0,35.0%,NYK,2,3,0,0,-22
339,LAC,11/22/2017,48,67.8%,0.25,17.8,18.2%,54.2%,0.18100000000000002,15.7,25.0%,ATL,2,2,1,0,13
340,LAC,11/25/2017,48,53.1%,0.163,18.4,17.1%,52.4%,0.10800000000000001,18.6,20.5%,SAC,3,3,1,0,2
341,LAC,11/27/2017,48,54.1%,0.353,16.2,24.4%,54.4%,0.264,15.2,26.1%,LAL,2,5,1,1,5
342,LAC,11/30/2017,48,61.4%,0.429,20.6,30.3%,67.6%,0.165,13.8,27.8%,UTA,3,2,0,1,-19
343,LAC,12/02/2017,48,38.4%,0.267,11.4,22.0%,55.7%,0.32899999999999996,18.4,35.7%,DAL,2,3,0,0,-26
344,LAC,12/03/2017,48,61.0%,0.301,17.6,22.2%,47.7%,0.35200000000000004,7.4,32.6%,MIN,1,2,0,0,-6
345,LAC,12/06/2017,48,49.5%,0.152,9.2,30.9%,59.1%,0.256,15.3,23.5%,MIN,3,2,0,1,-6
346,LAC,12/09/2017,48,57.5%,0.3,10.4,10.3%,59.1%,0.28,14.4,23.7%,WAS,3,2,1,1,1
347,LAC,12/11/2017,48,41.8%,0.264,12.9,26.4%,44.4%,0.325,12.8,6.5%,TOR,2,1,1,1,5
348,LAL,10/19/2017,48,42.9%,0.253,18.3,22.2%,44.9%,0.121,13.5,29.8%,LAC,0,0,0,1,-16
349,LAL,10/20/2017,48,58.1%,0.355,15.6,11.1%,56.5%,0.413,16.8,21.3%,PHX,1,2,1,0,2
350,LAL,10/22/2017,48,53.9%,0.222,15.9,20.0%,62.7%,0.253,17.3,17.1%,NOP,2,2,0,1,-7
351,LAL,10/25/2017,53,48.4%,0.174,19.1,13.6%,44.2%,0.242,13.3,13.0%,WAS,3,2,1,1,3
352,LAL,10/27/2017,48,47.5%,0.304,20.7,22.5%,46.8%,0.215,13.1,18.4%,TOR,2,2,0,1,-9
353,LAL,10/28/2017,48,41.4%,0.247,17.4,28.6%,55.1%,0.165,24.5,35.9%,UTA,1,3,0,0,-15
354,LAL,10/31/2017,48,56.0%,0.154,14.0,24.4%,48.9%,0.032,13.2,19.2%,DET,3,2,1,1,20
355,LAL,11/02/2017,48,57.0%,0.342,11.0,6.1%,51.7%,0.314,12.0,25.0%,POR,2,1,0,0,-3
356,LAL,11/03/2017,48,55.9%,0.287,13.9,16.7%,45.6%,0.418,13.8,13.8%,BKN,1,3,1,1,12
357,LAL,11/05/2017,48,52.4%,0.271,17.9,19.5%,52.3%,0.161,12.1,13.6%,MEM,2,1,1,1,5
358,LAL,11/08/2017,48,46.5%,0.271,20.2,27.3%,42.3%,0.316,12.8,30.8%,BOS,3,2,0,0,-11
359,LAL,11/09/2017,48,37.8%,0.47700000000000004,17.9,30.9%,56.0%,0.24100000000000002,20.6,19.4%,WAS,1,2,0,0,-16
360,LAL,11/11/2017,48,45.9%,0.5,21.8,19.5%,44.7%,0.306,15.5,18.4%,MIL,2,1,0,0,-8
361,LAL,11/13/2017,48,50.0%,0.141,15.3,17.3%,42.6%,0.21100000000000002,15.5,20.0%,PHX,2,2,1,0,7
362,LAL,11/15/2017,48,39.9%,0.248,8.3,33.3%,52.9%,0.349,14.9,18.6%,PHI,2,2,0,1,-6
363,LAL,11/17/2017,48,53.3%,0.264,17.0,20.5%,52.9%,0.184,12.0,18.4%,PHX,2,1,0,1,-9
364,LAL,11/19/2017,48,59.0%,0.16,13.8,30.2%,50.6%,0.41700000000000004,20.3,34.0%,DEN,2,2,1,1,18
365,LAL,11/21/2017,48,47.2%,0.278,13.6,23.5%,44.1%,0.17,14.0,26.8%,CHI,2,2,1,1,9
366,LAL,11/22/2017,48,59.6%,0.192,17.4,10.5%,61.2%,0.165,17.3,26.3%,SAC,1,2,0,0,-11
367,LAL,11/27/2017,48,54.4%,0.264,15.2,26.1%,54.1%,0.353,16.2,24.4%,LAC,5,2,0,0,-5
368,LAL,11/29/2017,53,54.2%,0.263,14.7,15.9%,56.4%,0.298,18.9,30.8%,GSW,2,2,0,1,-4
369,LAL,12/02/2017,48,49.4%,0.244,21.2,36.2%,52.9%,0.322,11.7,20.5%,DEN,3,2,0,0,-15
370,LAL,12/03/2017,48,43.5%,0.35700000000000004,19.6,23.4%,57.8%,0.18899999999999997,14.2,17.1%,HOU,1,4,0,1,-23
371,LAL,12/07/2017,48,49.5%,0.25,11.6,28.8%,54.3%,0.259,17.8,19.4%,PHI,4,3,1,0,3
372,LAL,12/09/2017,48,55.9%,0.247,13.7,15.0%,48.4%,0.151,10.9,18.4%,CHA,2,1,1,0,11
373,LAL,12/12/2017,53,47.5%,0.147,15.3,37.0%,52.0%,0.109,13.4,31.9%,NYK,3,2,0,0,-4
374,MEM,10/18/2017,48,47.3%,0.304,11.8,30.0%,42.4%,0.36700000000000005,20.1,34.8%,NOP,0,0,1,1,12
375,MEM,10/21/2017,48,53.2%,0.48100000000000004,13.8,15.0%,46.4%,0.321,16.9,26.1%,GSW,3,1,1,1,10
376,MEM,10/23/2017,48,47.1%,0.544,12.9,9.1%,47.4%,0.299,18.7,20.5%,HOU,2,2,1,0,8
377,MEM,10/25/2017,48,54.2%,0.33299999999999996,19.0,16.2%,56.1%,0.392,11.7,11.8%,DAL,2,2,0,0,-9
378,MEM,10/26/2017,48,47.9%,0.41100000000000003,18.9,20.5%,39.4%,0.213,14.2,32.7%,DAL,1,1,1,1,5
379,MEM,10/28/2017,48,55.3%,0.141,9.6,14.6%,46.8%,0.273,19.5,18.2%,HOU,2,1,1,1,14
380,MEM,10/30/2017,48,38.7%,0.355,6.8,19.3%,45.5%,0.326,11.6,21.3%,CHA,2,1,0,1,-5
381,MEM,11/01/2017,48,53.7%,0.195,15.1,13.5%,59.3%,0.187,24.2,18.8%,ORL,2,2,0,1,-2
382,MEM,11/04/2017,48,55.4%,0.28600000000000003,12.3,24.3%,48.2%,0.373,13.7,33.3%,LAC,3,3,1,0,9
383,MEM,11/05/2017,48,52.3%,0.161,12.1,13.6%,52.4%,0.271,17.9,19.5%,LAL,1,2,0,0,-5
384,MEM,11/07/2017,48,52.7%,0.342,16.0,13.5%,48.1%,0.247,16.7,25.6%,POR,2,2,1,0,1
385,MEM,11/11/2017,48,51.9%,0.228,19.6,12.5%,54.2%,0.337,15.9,23.4%,HOU,4,2,0,0,-15
386,MEM,11/13/2017,48,55.9%,0.276,16.3,23.5%,56.1%,0.305,11.7,25.6%,MIL,2,2,0,0,-7
387,MEM,11/15/2017,48,55.8%,0.256,14.2,26.2%,57.6%,0.235,11.9,13.5%,IND,2,3,0,1,-3
388,MEM,11/18/2017,48,40.1%,0.221,14.1,29.4%,56.4%,0.26899999999999996,17.0,21.4%,HOU,3,2,0,1,-22
389,MEM,11/20/2017,48,43.0%,0.267,8.1,10.0%,43.4%,0.386,17.2,33.3%,POR,2,2,0,1,-8
390,MEM,11/22/2017,48,50.0%,0.17300000000000001,17.3,14.3%,47.8%,0.17600000000000002,7.8,8.0%,DAL,2,2,0,1,-1
391,MEM,11/24/2017,48,55.5%,0.21899999999999997,18.9,7.9%,56.3%,0.32899999999999996,21.8,42.9%,DEN,2,2,0,0,-12
392,MEM,11/26/2017,48,45.0%,0.225,15.4,26.2%,53.4%,0.311,20.9,33.3%,BKN,2,2,0,1,-10
393,MEM,11/29/2017,48,52.6%,0.20800000000000002,18.9,28.9%,56.0%,0.32,13.0,16.1%,SAS,3,2,0,0,-9
394,MEM,12/01/2017,48,43.9%,0.243,17.8,18.2%,52.1%,0.457,16.3,18.9%,SAS,2,2,0,1,-16
395,MEM,12/02/2017,48,58.9%,0.16699999999999998,13.4,16.7%,63.3%,0.307,11.6,3.2%,CLE,1,2,0,0,-5
396,MEM,12/04/2017,48,51.4%,0.33299999999999996,17.3,18.2%,46.8%,0.24100000000000002,10.1,16.7%,MIN,2,1,1,1,3
397,MEM,12/06/2017,48,50.0%,0.314,16.5,11.1%,59.0%,0.40299999999999997,20.7,30.3%,NYK,2,2,0,0,-11
398,MEM,12/08/2017,48,55.5%,0.268,17.4,29.7%,55.8%,0.423,11.8,29.4%,TOR,2,3,0,1,-9
399,MEM,12/09/2017,53,51.7%,0.193,15.4,30.2%,45.7%,0.337,10.0,31.4%,OKC,1,2,0,1,-1
400,MEM,12/11/2017,48,44.4%,0.375,16.1,15.4%,66.7%,0.364,15.8,7.4%,MIA,2,2,0,1,-25
401,MIA,10/18/2017,48,47.1%,0.16699999999999998,11.7,21.6%,52.2%,0.322,14.1,25.0%,ORL,0,0,0,0,-7
402,MIA,10/21/2017,48,59.8%,0.161,13.8,15.8%,48.4%,0.21899999999999997,10.7,25.0%,IND,3,1,1,1,4
403,MIA,10/23/2017,48,54.1%,0.212,18.6,22.2%,52.0%,0.237,21.2,16.2%,ATL,2,1,1,1,11
404,MIA,10/25/2017,48,51.9%,0.225,9.7,10.0%,61.8%,0.395,13.8,22.2%,SAS,2,2,0,1,-17
405,MIA,10/28/2017,48,47.5%,0.203,19.2,16.7%,45.7%,0.321,12.8,24.4%,BOS,3,2,0,1,-6
406,MIA,10/30/2017,53,56.5%,0.26899999999999996,21.2,33.3%,51.1%,0.385,14.2,22.2%,MIN,2,3,0,1,-3
407,MIA,11/01/2017,48,48.2%,0.22899999999999998,11.1,6.0%,44.4%,0.213,11.7,13.5%,CHI,2,4,1,1,6
408,MIA,11/03/2017,48,56.5%,0.14300000000000002,23.8,22.2%,50.6%,0.313,17.9,28.3%,DEN,2,2,0,0,-1
409,MIA,11/05/2017,48,52.4%,0.226,16.3,23.8%,44.3%,0.345,16.3,40.0%,LAC,2,1,1,0,3
410,MIA,11/06/2017,48,41.0%,0.205,21.6,15.6%,43.1%,0.276,15.1,26.0%,GSW,1,2,0,0,-17
411,MIA,11/08/2017,48,60.5%,0.43200000000000005,14.9,28.2%,52.3%,0.341,10.4,12.5%,PHX,2,2,1,0,11
412,MIA,11/10/2017,48,45.5%,0.23399999999999999,21.2,16.3%,37.2%,0.297,18.4,8.9%,UTA,2,3,1,0,10
413,MIA,11/12/2017,48,50.6%,0.17800000000000002,9.1,14.0%,56.3%,0.23,13.3,25.6%,DET,2,2,0,0,-9
414,MIA,11/15/2017,48,49.4%,0.244,18.6,29.3%,46.8%,0.397,13.0,26.8%,WAS,3,2,0,1,-9
415,MIA,11/17/2017,48,47.0%,0.217,15.6,20.4%,44.0%,0.19,12.5,14.3%,WAS,2,2,1,0,3
416,MIA,11/19/2017,48,50.0%,0.16899999999999998,17.7,23.3%,66.5%,0.094,15.0,26.5%,IND,2,2,0,1,-25
417,MIA,11/22/2017,48,55.6%,0.198,16.5,18.9%,47.0%,0.321,11.0,14.6%,BOS,3,2,1,1,6
418,MIA,11/24/2017,48,59.4%,0.2,15.2,22.5%,48.2%,0.31,10.8,28.3%,MIN,2,2,1,0,12
419,MIA,11/26/2017,48,54.0%,0.307,13.4,2.4%,44.9%,0.18,14.4,13.7%,CHI,2,2,1,0,7
420,MIA,11/28/2017,48,50.0%,0.23800000000000002,15.0,16.7%,56.2%,0.284,14.0,12.8%,CLE,2,1,0,0,-11
421,MIA,11/29/2017,48,44.0%,0.23800000000000002,15.2,17.0%,63.7%,0.35600000000000004,20.7,26.7%,NYK,1,2,0,0,-29
422,MIA,12/01/2017,48,57.5%,0.263,21.5,23.1%,51.3%,0.266,21.9,25.0%,CHA,2,2,1,1,5
423,MIA,12/03/2017,48,49.4%,0.21,12.6,12.8%,62.5%,0.28600000000000003,10.3,23.3%,GSW,2,2,0,1,-28
424,MIA,12/06/2017,48,66.7%,0.16699999999999998,21.0,20.0%,60.3%,0.161,11.7,30.3%,SAS,3,2,0,0,-12
425,MIA,12/09/2017,48,51.1%,0.156,6.4,18.6%,45.1%,0.235,14.7,18.2%,BKN,3,2,1,0,12
426,MIA,12/11/2017,48,66.7%,0.364,15.8,7.4%,44.4%,0.375,16.1,15.4%,MEM,2,2,1,0,25
427,MIL,10/18/2017,48,54.6%,0.395,15.3,15.8%,48.9%,0.231,14.4,22.0%,BOS,0,1,1,0,8
428,MIL,10/20/2017,48,53.0%,0.146,15.9,18.6%,61.1%,0.21,18.5,29.0%,CLE,2,3,0,1,-19
429,MIL,10/21/2017,48,56.9%,0.375,14.0,19.4%,48.8%,0.43200000000000005,16.1,31.7%,POR,1,1,1,1,3
430,MIL,10/23/2017,48,52.4%,0.188,13.0,11.6%,46.8%,0.462,14.3,21.3%,CHA,2,3,1,1,9
431,MIL,10/26/2017,48,52.6%,0.182,18.2,4.9%,49.4%,0.282,16.4,14.6%,BOS,3,2,0,1,-7
432,MIL,10/29/2017,48,62.3%,0.259,14.1,15.2%,55.2%,0.33799999999999997,15.8,7.3%,ATL,3,2,1,0,11
433,MIL,10/31/2017,48,47.4%,0.28600000000000003,15.4,9.8%,56.8%,0.259,16.5,25.0%,OKC,2,3,0,1,-19
434,MIL,11/01/2017,48,59.9%,0.165,13.6,20.9%,61.9%,0.345,10.9,18.4%,CHA,1,2,0,0,-5
435,MIL,11/03/2017,48,53.0%,0.10800000000000001,14.9,17.9%,52.6%,0.359,14.4,19.4%,DET,2,3,0,0,-9
436,MIL,11/07/2017,48,64.5%,0.193,16.3,22.9%,55.5%,0.46299999999999997,13.0,30.0%,CLE,4,2,0,0,-5
437,MIL,11/10/2017,48,48.9%,0.157,14.3,24.4%,48.1%,0.138,19.2,20.0%,SAS,3,3,1,0,7
438,MIL,11/11/2017,48,44.7%,0.306,15.5,18.4%,45.9%,0.5,21.8,19.5%,LAL,1,2,1,1,8
439,MIL,11/13/2017,48,56.1%,0.305,11.7,25.6%,55.9%,0.276,16.3,23.5%,MEM,2,2,1,1,7
440,MIL,11/15/2017,48,53.8%,0.26899999999999996,16.4,28.2%,44.1%,0.271,18.7,34.7%,DET,2,3,1,1,4
441,MIL,11/18/2017,48,41.9%,0.419,14.0,16.0%,60.1%,0.24100000000000002,18.3,18.9%,DAL,3,1,0,0,-32
442,MIL,11/20/2017,48,46.8%,0.24100000000000002,10.9,13.6%,58.8%,0.23,19.7,22.9%,WAS,2,1,0,1,-11
443,MIL,11/22/2017,53,47.4%,0.32,13.3,25.5%,43.5%,0.355,25.3,43.1%,PHX,2,3,1,0,6
444,MIL,11/25/2017,48,58.4%,0.299,17.7,24.2%,67.9%,0.235,10.6,13.5%,UTA,3,3,0,0,-13
445,MIL,11/28/2017,48,65.5%,0.43700000000000006,12.5,3.1%,43.5%,0.377,18.2,19.6%,SAC,3,1,1,0,25
446,MIL,11/30/2017,48,51.7%,0.172,10.1,11.1%,45.8%,0.205,19.1,25.0%,POR,2,3,1,0,12
447,MIL,12/02/2017,48,53.6%,0.609,16.0,25.0%,55.2%,0.273,17.5,18.2%,SAC,2,1,1,1,5
448,MIL,12/04/2017,48,50.6%,0.308,10.5,7.5%,61.5%,0.244,16.1,24.2%,BOS,2,2,0,0,-11
449,MIL,12/06/2017,48,54.4%,0.32899999999999996,13.4,31.0%,47.1%,0.31,12.8,37.8%,DET,2,2,1,1,4
450,MIL,12/08/2017,48,50.6%,0.43,10.3,17.9%,53.3%,0.34700000000000003,12.7,10.8%,DAL,2,2,1,1,7
451,MIL,12/09/2017,48,58.6%,0.321,11.5,23.5%,48.7%,0.48700000000000004,16.1,21.4%,UTA,1,2,1,1,17
452,MIN,10/18/2017,48,48.2%,0.271,13.4,22.4%,50.6%,0.213,11.4,27.9%,SAS,0,0,0,0,-8
453,MIN,10/20/2017,48,48.8%,0.321,16.3,24.4%,53.9%,0.221,19.7,17.1%,UTA,2,2,1,1,3
454,MIN,10/22/2017,48,55.8%,0.267,17.3,27.0%,53.6%,0.16699999999999998,10.5,20.5%,OKC,2,1,1,0,2
455,MIN,10/24/2017,48,54.1%,0.256,13.9,20.9%,72.6%,0.131,18.2,30.8%,IND,2,3,0,1,-23
456,MIN,10/25/2017,48,48.8%,0.247,13.8,16.7%,60.3%,0.185,14.6,28.6%,DET,1,2,0,0,-21
457,MIN,10/27/2017,48,53.5%,0.40700000000000003,15.9,41.5%,54.7%,0.29100000000000004,14.0,28.9%,OKC,2,2,1,1,3
458,MIN,10/30/2017,53,51.1%,0.385,14.2,22.2%,56.5%,0.26899999999999996,21.2,33.3%,MIA,3,2,1,0,3
459,MIN,11/01/2017,48,53.0%,0.289,21.0,27.5%,47.6%,0.25,18.4,20.0%,NOP,2,2,1,0,6
460,MIN,11/04/2017,48,60.8%,0.253,19.6,29.4%,51.7%,0.138,15.0,15.6%,DAL,3,1,1,1,13
461,MIN,11/05/2017,48,51.8%,0.361,16.0,28.6%,46.6%,0.23600000000000002,11.1,19.2%,CHA,1,2,1,1,18
462,MIN,11/08/2017,48,44.0%,0.293,12.9,17.6%,65.3%,0.212,17.4,8.6%,GSW,3,2,0,0,-24
463,MIN,11/11/2017,48,42.7%,0.365,10.6,32.8%,59.3%,0.27899999999999997,16.7,20.0%,PHX,3,1,0,0,-8
464,MIN,11/13/2017,48,59.2%,0.408,17.8,17.9%,52.4%,0.131,15.7,18.6%,UTA,2,2,1,0,11
465,MIN,11/15/2017,48,50.0%,0.184,7.8,25.6%,46.2%,0.19,18.1,30.2%,SAS,2,1,1,1,12
466,MIN,11/17/2017,48,54.2%,0.27399999999999997,10.7,26.8%,41.9%,0.198,11.8,22.9%,DAL,2,3,1,0,24
467,MIN,11/19/2017,48,54.5%,0.231,20.8,18.8%,51.8%,0.24100000000000002,19.0,25.6%,DET,2,2,0,1,-3
468,MIN,11/20/2017,48,44.4%,0.289,10.7,19.6%,55.9%,0.341,16.4,28.2%,CHA,1,2,0,0,-16
469,MIN,11/22/2017,48,50.6%,0.517,7.6,21.3%,57.1%,0.242,13.8,17.9%,ORL,2,2,1,1,6
470,MIN,11/24/2017,48,48.2%,0.31,10.8,28.3%,59.4%,0.2,15.2,22.5%,MIA,2,2,0,1,-12
471,MIN,11/26/2017,48,57.5%,0.183,14.7,42.2%,58.2%,0.141,16.8,27.5%,PHX,2,2,1,1,11
472,MIN,11/28/2017,48,47.1%,0.165,11.3,27.1%,49.4%,0.205,7.9,20.0%,WAS,2,3,0,1,-3
473,MIN,11/29/2017,48,63.6%,0.235,18.5,33.3%,54.8%,0.131,17.4,19.0%,NOP,1,4,1,0,18
474,MIN,12/01/2017,48,59.2%,0.276,17.7,17.1%,57.0%,0.278,20.1,39.4%,OKC,2,2,0,0,-4
475,MIN,12/03/2017,48,47.7%,0.35200000000000004,7.4,32.6%,61.0%,0.301,17.6,22.2%,LAC,2,1,1,1,6
476,MIN,12/04/2017,48,46.8%,0.24100000000000002,10.1,16.7%,51.4%,0.33299999999999996,17.3,18.2%,MEM,1,2,0,0,-3
477,MIN,12/06/2017,48,59.1%,0.256,15.3,23.5%,49.5%,0.152,9.2,30.9%,LAC,2,3,1,0,6
478,MIN,12/10/2017,48,54.9%,0.319,19.8,25.0%,52.5%,0.111,12.2,14.3%,DAL,4,2,1,1,5
479,NOP,10/18/2017,48,42.4%,0.36700000000000005,20.1,34.8%,47.3%,0.304,11.8,30.0%,MEM,0,0,0,0,-12
480,NOP,10/20/2017,48,54.1%,0.22399999999999998,17.2,29.1%,61.5%,0.22,16.7,22.2%,GSW,2,3,0,1,-8
481,NOP,10/22/2017,48,62.7%,0.253,17.3,17.1%,53.9%,0.222,15.9,20.0%,LAL,2,2,1,0,7
482,NOP,10/24/2017,48,45.4%,0.42100000000000004,16.5,8.2%,43.2%,0.375,18.4,32.1%,POR,2,3,0,0,-10
483,NOP,10/26/2017,48,56.4%,0.267,14.8,25.6%,51.2%,0.309,13.0,11.9%,SAC,2,3,1,0,8
484,NOP,10/28/2017,48,58.4%,0.168,10.7,23.8%,53.8%,0.295,17.8,11.9%,CLE,2,3,1,1,22
485,NOP,10/30/2017,48,50.0%,0.212,19.2,19.6%,60.0%,0.212,16.4,15.0%,ORL,2,1,0,1,-16
486,NOP,11/01/2017,48,47.6%,0.25,18.4,20.0%,53.0%,0.289,21.0,27.5%,MIN,2,2,0,1,-6
487,NOP,11/03/2017,48,44.4%,0.292,13.3,19.1%,43.8%,0.25,14.5,17.0%,DAL,2,2,1,0,5
488,NOP,11/04/2017,53,45.4%,0.253,14.1,10.6%,40.9%,0.121,17.7,25.4%,CHI,1,1,1,0,6
489,NOP,11/07/2017,48,58.6%,0.253,13.2,26.8%,52.2%,0.19399999999999998,10.9,25.6%,IND,3,2,1,0,5
490,NOP,11/09/2017,48,61.6%,0.305,13.6,9.5%,54.1%,0.235,10.9,22.7%,TOR,2,2,0,0,-4
491,NOP,11/11/2017,48,57.5%,0.3,21.8,21.6%,46.5%,0.314,11.8,15.7%,LAC,2,1,1,1,8
492,NOP,11/13/2017,48,63.3%,0.22699999999999998,20.1,21.2%,55.7%,0.10300000000000001,16.5,24.4%,ATL,2,2,1,1,1
493,NOP,11/15/2017,48,56.0%,0.154,13.8,24.4%,69.7%,0.263,21.0,21.4%,TOR,2,1,0,1,-9
494,NOP,11/17/2017,48,59.3%,0.11,12.9,18.6%,73.0%,0.23600000000000002,15.0,38.2%,DEN,2,4,0,0,-32
495,NOP,11/20/2017,48,55.6%,0.4,17.9,18.4%,48.9%,0.292,13.3,17.6%,OKC,3,3,1,1,7
496,NOP,11/22/2017,48,52.5%,0.29600000000000004,15.9,18.4%,43.2%,0.17,15.6,17.4%,SAS,2,2,1,1,17
497,NOP,11/24/2017,48,54.4%,0.242,15.4,28.3%,40.4%,0.191,16.4,29.4%,PHX,2,2,1,0,24
498,NOP,11/25/2017,48,47.0%,0.27399999999999997,16.6,21.4%,46.8%,0.287,9.5,23.4%,GSW,1,1,0,0,-15
499,NOP,11/29/2017,48,54.8%,0.131,17.4,19.0%,63.6%,0.235,18.5,33.3%,MIN,4,1,0,1,-18
500,NOP,12/01/2017,48,56.9%,0.172,10.2,13.6%,56.5%,0.294,9.3,18.2%,UTA,2,1,0,0,-6
501,NOP,12/02/2017,48,61.0%,0.29100000000000004,11.4,10.3%,50.0%,0.105,4.7,17.0%,POR,1,2,1,0,7
502,NOP,12/04/2017,48,58.2%,0.165,19.5,23.9%,60.9%,0.31,15.3,12.2%,GSW,2,1,0,1,-10
503,NOP,12/06/2017,48,60.5%,0.337,12.9,26.8%,52.1%,0.23399999999999999,8.8,20.8%,DEN,2,2,1,1,9
504,NOP,12/08/2017,53,51.7%,0.213,15.8,16.7%,55.2%,0.14400000000000002,17.8,28.2%,SAC,2,2,0,1,-7
505,NOP,12/10/2017,48,66.9%,0.4,14.4,16.7%,50.5%,0.313,16.3,44.0%,PHI,2,1,1,1,7
506,NOP,12/11/2017,48,68.2%,0.153,17.5,15.8%,64.2%,0.284,8.7,10.3%,HOU,1,2,0,0,-7
507,NYK,10/19/2017,48,44.9%,0.253,25.3,28.2%,49.4%,0.244,18.7,30.2%,OKC,0,0,0,0,-21
508,NYK,10/21/2017,48,50.6%,0.38299999999999995,14.5,30.0%,53.3%,0.165,13.6,35.7%,DET,2,1,0,1,-4
509,NYK,10/24/2017,48,42.9%,0.294,14.1,23.4%,58.7%,0.36,14.6,13.5%,BOS,3,4,0,0,-21
510,NYK,10/27/2017,48,49.5%,0.17300000000000001,12.2,38.8%,47.3%,0.28,16.8,12.2%,BKN,3,2,1,1,21
511,NYK,10/29/2017,48,54.5%,0.23600000000000002,13.8,24.4%,44.4%,0.33299999999999996,14.9,14.9%,CLE,2,1,1,0,19
512,NYK,10/30/2017,48,57.9%,0.28,22.1,32.4%,51.8%,0.365,13.2,25.5%,DEN,1,1,1,1,6
513,NYK,11/01/2017,48,47.8%,0.14400000000000002,17.5,14.0%,58.5%,0.239,14.5,20.0%,HOU,2,2,0,1,-22
514,NYK,11/03/2017,48,56.3%,0.287,12.7,25.0%,39.7%,0.381,9.7,33.3%,PHX,2,2,1,1,13
515,NYK,11/05/2017,48,53.4%,0.21600000000000003,12.5,28.6%,54.4%,0.215,12.7,10.5%,IND,2,2,1,1,7
516,NYK,11/07/2017,48,68.0%,0.28,17.0,20.7%,54.4%,0.187,13.8,37.0%,CHA,2,2,1,1,5
517,NYK,11/08/2017,48,55.6%,0.163,23.8,34.3%,61.9%,0.275,13.4,16.7%,ORL,1,3,0,0,-13
518,NYK,11/11/2017,48,58.9%,0.16699999999999998,11.0,20.5%,41.9%,0.375,13.7,25.6%,SAC,3,2,1,1,27
519,NYK,11/13/2017,48,47.7%,0.25,16.7,27.7%,48.9%,0.25,20.1,28.0%,CLE,2,2,0,1,-3
520,NYK,11/15/2017,48,52.5%,0.309,12.1,30.0%,53.8%,0.215,15.3,21.4%,UTA,2,2,1,1,5
521,NYK,11/17/2017,48,37.9%,0.187,10.6,27.5%,62.2%,0.141,13.1,9.4%,TOR,2,2,0,0,-23
522,NYK,11/20/2017,48,51.2%,0.309,22.0,35.0%,43.8%,0.263,21.7,21.3%,LAC,3,2,1,1,22
523,NYK,11/22/2017,48,50.5%,0.183,12.1,30.2%,50.6%,0.207,15.3,26.1%,TOR,2,3,1,1,8
524,NYK,11/24/2017,48,59.0%,0.179,20.2,15.6%,54.0%,0.121,9.9,28.3%,ATL,2,2,0,0,-12
525,NYK,11/25/2017,48,51.8%,0.22399999999999998,17.1,15.4%,53.2%,0.23399999999999999,7.8,20.9%,HOU,1,3,0,0,-15
526,NYK,11/27/2017,48,42.6%,0.25,13.4,25.9%,48.8%,0.313,11.8,11.9%,POR,2,2,0,1,-12
527,NYK,11/29/2017,48,63.7%,0.35600000000000004,20.7,26.7%,44.0%,0.23800000000000002,15.2,17.0%,MIA,2,1,1,1,29
528,NYK,12/03/2017,48,48.9%,0.10800000000000001,13.8,22.7%,48.8%,0.354,12.2,18.6%,ORL,4,2,0,1,-5
529,NYK,12/04/2017,48,47.3%,0.17600000000000002,17.8,28.8%,59.9%,0.174,15.7,20.0%,IND,1,3,0,0,-18
530,NYK,12/06/2017,48,59.0%,0.40299999999999997,20.7,30.3%,50.0%,0.314,16.5,11.1%,MEM,2,2,1,1,11
531,NYK,12/09/2017,48,51.1%,0.099,14.7,20.0%,55.5%,0.28,15.1,20.0%,CHI,3,1,0,0,-2
532,NYK,12/10/2017,48,51.9%,0.425,11.9,17.1%,53.9%,0.39,16.8,18.2%,ATL,1,1,1,1,4
533,NYK,12/12/2017,53,52.0%,0.109,13.4,31.9%,47.5%,0.147,15.3,37.0%,LAL,2,3,1,1,4
534,OKC,10/19/2017,48,49.4%,0.244,18.7,30.2%,44.9%,0.253,25.3,28.2%,NYK,0,0,1,1,21
535,OKC,10/21/2017,48,48.1%,0.244,17.8,19.0%,55.2%,0.182,20.0,18.9%,UTA,2,1,0,0,-9
536,OKC,10/22/2017,48,53.6%,0.16699999999999998,10.5,20.5%,55.8%,0.267,17.3,27.0%,MIN,1,2,0,1,-2
537,OKC,10/25/2017,48,53.9%,0.292,19.1,37.2%,39.8%,0.42200000000000004,18.4,29.8%,IND,3,1,1,1,18
538,OKC,10/27/2017,48,54.7%,0.29100000000000004,14.0,28.9%,53.5%,0.40700000000000003,15.9,41.5%,MIN,2,2,0,0,-3
539,OKC,10/28/2017,48,51.7%,0.159,12.6,23.9%,34.6%,0.256,21.1,22.6%,CHI,1,2,1,0,32
540,OKC,10/31/2017,48,56.8%,0.259,16.5,25.0%,47.4%,0.28600000000000003,15.4,9.8%,MIL,3,2,1,0,19
541,OKC,11/03/2017,48,47.7%,0.161,12.7,22.4%,50.6%,0.28600000000000003,11.6,22.9%,BOS,3,2,0,1,-7
542,OKC,11/05/2017,48,51.1%,0.16899999999999998,12.7,14.0%,54.7%,0.37799999999999995,22.5,21.2%,POR,2,3,0,0,-4
543,OKC,11/07/2017,48,39.5%,0.267,16.3,17.6%,52.5%,0.152,22.5,12.5%,SAC,2,3,0,0,-8
544,OKC,11/09/2017,48,48.3%,0.156,18.7,36.7%,51.8%,0.268,19.7,35.0%,DEN,2,2,0,0,-8
545,OKC,11/10/2017,48,58.3%,0.513,12.4,26.8%,53.6%,0.35700000000000004,19.0,35.6%,LAC,1,3,1,1,9
546,OKC,11/12/2017,48,60.4%,0.45799999999999996,16.9,9.1%,48.9%,0.207,19.2,24.4%,DAL,2,1,1,1,13
547,OKC,11/15/2017,48,41.7%,0.514,15.3,25.6%,42.0%,0.267,17.9,14.0%,CHI,3,4,1,1,13
548,OKC,11/17/2017,48,48.9%,0.23600000000000002,9.6,28.9%,53.2%,0.364,14.4,30.0%,SAS,2,2,0,0,-3
549,OKC,11/20/2017,48,48.9%,0.292,13.3,17.6%,55.6%,0.4,17.9,18.4%,NOP,3,3,0,0,-7
550,OKC,11/22/2017,48,50.0%,0.289,16.1,28.9%,47.5%,0.225,21.4,15.9%,GSW,2,3,1,1,17
551,OKC,11/24/2017,48,46.9%,0.08199999999999999,14.5,27.1%,54.8%,0.107,20.8,20.0%,DET,2,4,0,1,-1
552,OKC,11/25/2017,48,44.4%,0.163,17.9,18.6%,59.3%,0.147,19.1,20.5%,DAL,1,3,0,0,-16
553,OKC,11/29/2017,48,45.8%,0.313,12.8,37.5%,67.8%,0.342,14.1,6.9%,ORL,4,2,0,0,-13
554,OKC,12/01/2017,48,57.0%,0.278,20.1,39.4%,59.2%,0.276,17.7,17.1%,MIN,2,2,1,1,4
555,OKC,12/03/2017,48,46.0%,0.24100000000000002,19.8,32.6%,46.1%,0.303,17.9,20.0%,SAS,2,2,1,1,3
556,OKC,12/05/2017,48,50.6%,0.321,19.1,31.6%,50.0%,0.266,18.5,20.9%,UTA,2,1,1,1,6
557,OKC,12/07/2017,48,42.3%,0.235,11.6,28.8%,50.6%,0.375,15.7,15.9%,BKN,2,3,0,0,-5
558,OKC,12/09/2017,53,45.7%,0.337,10.0,31.4%,51.7%,0.193,15.4,30.2%,MEM,2,1,1,0,1
559,OKC,12/11/2017,48,46.5%,0.294,15.0,25.6%,61.1%,0.29600000000000004,15.4,24.3%,CHA,2,2,0,1,-13
560,ORL,10/18/2017,48,52.2%,0.322,14.1,25.0%,47.1%,0.16699999999999998,11.7,21.6%,MIA,0,0,1,1,7
561,ORL,10/20/2017,48,60.7%,0.16899999999999998,20.3,21.4%,54.9%,0.38,16.3,32.6%,BKN,2,2,0,0,-5
562,ORL,10/21/2017,48,53.9%,0.222,12.1,26.7%,42.4%,0.314,15.6,22.4%,CLE,1,1,1,0,21
563,ORL,10/24/2017,48,54.2%,0.48200000000000004,10.4,14.6%,47.4%,0.354,14.2,26.9%,BKN,3,2,1,1,4
564,ORL,10/27/2017,48,63.7%,0.16699999999999998,18.4,15.8%,36.0%,0.303,17.7,30.4%,SAS,3,2,1,1,27
565,ORL,10/29/2017,48,47.9%,0.268,10.0,16.1%,57.7%,0.175,15.5,28.6%,CHA,2,2,0,0,-7
566,ORL,10/30/2017,48,60.0%,0.212,16.4,15.0%,50.0%,0.212,19.2,19.6%,NOP,1,2,1,0,16
567,ORL,11/01/2017,48,59.3%,0.187,24.2,18.8%,53.7%,0.195,15.1,13.5%,MEM,2,2,1,0,2
568,ORL,11/03/2017,48,46.5%,0.057999999999999996,16.5,15.2%,55.3%,0.141,17.3,22.5%,CHI,2,2,0,1,-22
569,ORL,11/05/2017,48,39.6%,0.198,12.8,18.2%,50.0%,0.225,13.6,20.5%,BOS,2,2,0,1,-16
570,ORL,11/08/2017,48,61.9%,0.275,13.4,16.7%,55.6%,0.163,23.8,34.3%,NYK,3,1,1,1,13
571,ORL,11/10/2017,48,60.4%,0.524,16.1,20.0%,49.5%,0.266,13.9,24.5%,PHX,2,2,1,0,16
572,ORL,11/11/2017,48,53.4%,0.23,12.0,17.8%,59.8%,0.31,13.1,31.7%,DEN,1,2,0,0,-18
573,ORL,11/13/2017,48,47.7%,0.205,10.7,9.5%,54.5%,0.182,16.2,27.9%,GSW,2,2,0,0,-10
574,ORL,11/15/2017,48,53.8%,0.114,16.5,18.4%,51.7%,0.149,13.6,22.7%,POR,2,2,0,0,-5
575,ORL,11/18/2017,48,43.2%,0.284,16.6,21.6%,55.1%,0.184,10.7,28.6%,UTA,3,1,0,1,-40
576,ORL,11/20/2017,48,49.4%,0.27399999999999997,20.9,21.6%,46.1%,0.326,12.2,17.0%,IND,2,1,0,1,-8
577,ORL,11/22/2017,48,57.1%,0.242,13.8,17.9%,50.6%,0.517,7.6,21.3%,MIN,2,2,0,0,-6
578,ORL,11/24/2017,48,47.9%,0.2,12.1,32.7%,55.5%,0.275,9.2,27.1%,BOS,2,2,0,0,-15
579,ORL,11/25/2017,48,52.3%,0.36,9.7,14.3%,58.9%,0.21100000000000002,10.6,24.4%,PHI,1,3,0,0,-19
580,ORL,11/27/2017,48,52.2%,0.174,14.4,22.2%,62.7%,0.32899999999999996,16.3,24.2%,IND,2,2,0,0,-12
581,ORL,11/29/2017,48,67.8%,0.342,14.1,6.9%,45.8%,0.313,12.8,37.5%,OKC,2,4,1,1,13
582,ORL,12/01/2017,48,51.6%,0.188,14.2,27.1%,69.3%,0.125,18.1,24.1%,GSW,2,2,0,1,-21
583,ORL,12/03/2017,48,48.8%,0.354,12.2,18.6%,48.9%,0.10800000000000001,13.8,22.7%,NYK,2,4,1,0,5
584,ORL,12/04/2017,48,50.0%,0.171,19.4,10.9%,42.3%,0.47600000000000003,14.2,23.9%,CHA,1,3,0,0,-10
585,ORL,12/06/2017,53,50.0%,0.184,15.5,25.5%,48.9%,0.215,17.3,22.0%,ATL,2,2,1,1,4
586,ORL,12/08/2017,48,42.8%,0.27699999999999997,15.4,22.4%,52.9%,0.188,13.1,16.2%,DEN,2,2,0,1,-14
587,ORL,12/09/2017,48,56.0%,0.087,12.3,24.4%,61.9%,0.313,12.8,23.7%,ATL,1,3,0,0,-7
588,PHI,10/18/2017,48,54.3%,0.204,15.8,23.4%,46.4%,0.392,9.3,30.2%,WAS,0,0,0,0,-5
589,PHI,10/20/2017,48,43.5%,0.174,16.7,25.5%,47.6%,0.381,18.4,29.8%,BOS,2,2,0,1,-10
590,PHI,10/21/2017,48,43.9%,0.439,18.2,15.7%,54.5%,0.41600000000000004,11.8,19.5%,TOR,1,2,0,0,-34
591,PHI,10/23/2017,48,52.7%,0.32,21.3,21.1%,42.4%,0.22399999999999998,14.2,18.0%,DET,2,2,1,0,11
592,PHI,10/25/2017,48,50.5%,0.10300000000000001,15.2,26.7%,56.0%,0.32,19.5,18.4%,HOU,2,2,0,1,-1
593,PHI,10/28/2017,48,58.6%,0.161,14.6,26.8%,64.2%,0.257,18.5,8.8%,DAL,3,2,1,0,2
594,PHI,10/30/2017,48,61.3%,0.3,20.1,21.9%,47.6%,0.45799999999999996,14.3,19.6%,HOU,2,2,1,0,8
595,PHI,11/01/2017,48,53.0%,0.253,15.2,28.8%,47.9%,0.287,16.8,24.0%,ATL,2,3,1,1,10
596,PHI,11/03/2017,48,59.8%,0.152,18.8,27.3%,50.5%,0.196,11.0,17.4%,IND,2,2,1,1,11
597,PHI,11/07/2017,48,49.4%,0.37,20.3,20.5%,34.8%,0.354,10.7,22.6%,UTA,4,2,1,0,7
598,PHI,11/09/2017,48,51.1%,0.31,16.5,26.0%,49.5%,0.301,8.5,15.7%,SAC,2,2,0,0,-1
599,PHI,11/11/2017,48,53.2%,0.213,18.2,27.1%,67.1%,0.317,20.5,13.8%,GSW,2,3,0,0,-21
600,PHI,11/13/2017,48,53.9%,0.455,19.5,28.6%,51.2%,0.39,14.7,18.0%,LAC,2,2,1,0,4
601,PHI,11/15/2017,48,52.9%,0.349,14.9,18.6%,39.9%,0.248,8.3,33.3%,LAL,2,2,1,0,6
602,PHI,11/18/2017,48,53.6%,0.165,10.6,22.9%,58.8%,0.22,12.8,27.5%,GSW,3,2,0,1,-8
603,PHI,11/20/2017,48,54.1%,0.259,18.9,25.0%,40.6%,0.22399999999999998,13.9,13.2%,UTA,2,2,1,1,21
604,PHI,11/22/2017,48,49.4%,0.18899999999999997,17.2,22.9%,37.6%,0.27,16.1,19.3%,POR,2,2,1,1,20
605,PHI,11/25/2017,48,58.9%,0.21100000000000002,10.6,24.4%,52.3%,0.36,9.7,14.3%,ORL,3,1,1,1,19
606,PHI,11/27/2017,48,39.1%,0.20800000000000002,14.5,38.6%,56.4%,0.233,12.5,26.2%,CLE,2,3,0,1,-22
607,PHI,11/29/2017,48,47.5%,0.79,16.2,42.9%,45.5%,0.41600000000000004,10.1,14.0%,WAS,2,1,1,1,5
608,PHI,11/30/2017,48,51.2%,0.214,19.8,31.3%,58.2%,0.253,17.4,18.9%,BOS,1,3,0,0,-11
609,PHI,12/02/2017,48,46.5%,0.37200000000000005,17.8,37.0%,49.4%,0.41,18.3,18.9%,DET,2,1,1,1,5
610,PHI,12/04/2017,48,46.7%,0.17600000000000002,14.1,29.5%,53.8%,0.242,11.4,30.6%,PHX,2,2,0,1,-14
611,PHI,12/07/2017,48,54.3%,0.259,17.8,19.4%,49.5%,0.25,11.6,28.8%,LAL,3,4,0,1,-3
612,PHI,12/09/2017,48,54.5%,0.16699999999999998,19.8,20.6%,57.3%,0.32,18.5,15.8%,CLE,2,1,0,0,-7
613,PHI,12/10/2017,48,50.5%,0.313,16.3,44.0%,66.9%,0.4,14.4,16.7%,NOP,1,2,0,0,-7
614,PHX,10/18/2017,48,35.4%,0.20199999999999999,15.5,19.2%,56.7%,0.311,17.1,39.5%,POR,0,0,0,1,-48
615,PHX,10/20/2017,48,56.5%,0.413,16.8,21.3%,58.1%,0.355,15.6,11.1%,LAL,2,1,0,1,-2
616,PHX,10/21/2017,48,42.3%,0.535,19.3,8.7%,61.4%,0.341,11.6,23.8%,LAC,1,2,0,0,-42
617,PHX,10/23/2017,48,61.0%,0.35100000000000003,20.2,20.0%,48.0%,0.293,8.4,25.0%,SAC,2,2,1,1,2
618,PHX,10/25/2017,48,46.9%,0.094,16.0,30.2%,45.5%,0.325,22.9,15.2%,UTA,2,1,1,1,9
619,PHX,10/28/2017,48,47.7%,0.345,16.2,22.6%,50.0%,0.308,14.1,26.1%,POR,3,2,0,0,-7
620,PHX,10/31/2017,48,52.1%,0.25,17.2,21.3%,45.6%,0.294,6.1,11.1%,BKN,3,2,1,0,8
621,PHX,11/01/2017,48,54.8%,0.45799999999999996,10.1,26.8%,50.0%,0.326,11.7,30.6%,WAS,1,3,1,0,6
622,PHX,11/03/2017,48,39.7%,0.381,9.7,33.3%,56.3%,0.287,12.7,25.0%,NYK,2,2,0,0,-13
623,PHX,11/05/2017,48,50.6%,0.272,18.4,23.9%,56.3%,0.205,10.2,19.0%,SAS,2,2,0,0,-17
624,PHX,11/06/2017,48,38.4%,0.40700000000000003,16.3,27.5%,44.8%,0.33299999999999996,15.3,22.4%,BKN,1,3,0,1,-6
625,PHX,11/08/2017,48,52.3%,0.341,10.4,12.5%,60.5%,0.43200000000000005,14.9,28.2%,MIA,2,2,0,1,-11
626,PHX,11/10/2017,48,49.5%,0.266,13.9,24.5%,60.4%,0.524,16.1,20.0%,ORL,2,2,0,1,-16
627,PHX,11/11/2017,48,59.3%,0.27899999999999997,16.7,20.0%,42.7%,0.365,10.6,32.8%,MIN,1,3,1,1,8
628,PHX,11/13/2017,48,42.6%,0.21100000000000002,15.5,20.0%,50.0%,0.141,15.3,17.3%,LAL,2,2,0,1,-7
629,PHX,11/16/2017,48,50.0%,0.20199999999999999,13.4,29.1%,59.4%,0.42200000000000004,12.9,27.9%,HOU,3,2,0,1,-26
630,PHX,11/17/2017,48,52.9%,0.184,12.0,18.4%,53.3%,0.264,17.0,20.5%,LAL,1,2,1,0,9
631,PHX,11/19/2017,48,54.5%,0.247,10.9,20.5%,47.5%,0.139,12.0,23.5%,CHI,2,2,1,1,8
632,PHX,11/22/2017,53,43.5%,0.355,25.3,43.1%,47.4%,0.32,13.3,25.5%,MIL,3,2,0,1,-6
633,PHX,11/24/2017,48,40.4%,0.191,16.4,29.4%,54.4%,0.242,15.4,28.3%,NOP,2,2,0,1,-24
634,PHX,11/26/2017,48,58.2%,0.141,16.8,27.5%,57.5%,0.183,14.7,42.2%,MIN,2,2,0,0,-11
635,PHX,11/28/2017,48,50.0%,0.264,15.1,28.9%,48.9%,0.106,9.1,17.0%,CHI,2,2,1,0,5
636,PHX,11/29/2017,48,50.6%,0.33299999999999996,19.2,17.0%,64.6%,0.23600000000000002,16.9,14.7%,DET,1,2,0,0,-24
637,PHX,12/02/2017,48,51.0%,0.109,11.8,37.2%,61.3%,0.28800000000000003,9.5,11.4%,BOS,3,2,0,0,-5
638,PHX,12/04/2017,48,53.8%,0.242,11.4,30.6%,46.7%,0.17600000000000002,14.1,29.5%,PHI,2,2,1,0,14
639,PHX,12/05/2017,48,55.3%,0.507,15.6,0.0%,56.0%,0.28300000000000003,15.9,18.6%,TOR,1,4,0,0,-13
640,PHX,12/07/2017,48,50.6%,0.359,14.8,25.0%,55.6%,0.309,11.6,20.0%,WAS,2,2,0,1,-10
641,PHX,12/09/2017,48,48.1%,0.375,11.7,22.7%,49.4%,0.287,15.8,37.5%,SAS,2,1,0,1,-3
642,POR,10/18/2017,48,56.7%,0.311,17.1,39.5%,35.4%,0.20199999999999999,15.5,19.2%,PHX,0,0,1,0,48
643,POR,10/20/2017,48,53.2%,0.179,9.0,25.0%,47.4%,0.423,12.2,13.0%,IND,2,2,1,0,18
644,POR,10/21/2017,48,48.8%,0.43200000000000005,16.1,31.7%,56.9%,0.375,14.0,19.4%,MIL,1,1,0,0,-3
645,POR,10/24/2017,48,43.2%,0.375,18.4,32.1%,45.4%,0.42100000000000004,16.5,8.2%,NOP,3,2,1,1,10
646,POR,10/26/2017,48,47.2%,0.247,10.8,33.3%,52.6%,0.46799999999999997,13.2,33.3%,LAC,2,2,0,1,-1
647,POR,10/28/2017,48,50.0%,0.308,14.1,26.1%,47.7%,0.345,16.2,22.6%,PHX,2,3,1,1,7
648,POR,10/30/2017,48,43.8%,0.23800000000000002,13.6,13.3%,49.4%,0.195,10.4,20.0%,TOR,2,3,0,1,-14
649,POR,11/01/2017,53,44.6%,0.29,15.3,19.6%,45.0%,0.4,12.7,19.2%,UTA,2,2,0,0,-9
650,POR,11/02/2017,48,51.7%,0.314,12.0,25.0%,57.0%,0.342,11.0,6.1%,LAL,1,2,1,1,3
651,POR,11/05/2017,48,54.7%,0.37799999999999995,22.5,21.2%,51.1%,0.16899999999999998,12.7,14.0%,OKC,3,2,1,1,4
652,POR,11/07/2017,48,48.1%,0.247,16.7,25.6%,52.7%,0.342,16.0,13.5%,MEM,2,2,0,1,-1
653,POR,11/10/2017,48,46.3%,0.11599999999999999,11.1,24.0%,49.5%,0.209,10.2,22.0%,BKN,3,3,0,1,-4
654,POR,11/13/2017,48,56.8%,0.247,23.2,25.8%,41.1%,0.179,20.3,25.5%,DEN,3,2,1,1,17
655,POR,11/15/2017,48,51.7%,0.149,13.6,22.7%,53.8%,0.114,16.5,18.4%,ORL,2,2,1,1,5
656,POR,11/17/2017,48,41.4%,0.198,18.9,26.2%,44.7%,0.17600000000000002,14.0,26.7%,SAC,2,2,0,0,-4
657,POR,11/18/2017,48,61.4%,0.3,20.4,15.6%,42.7%,0.20199999999999999,11.1,18.8%,SAC,1,1,1,1,12
658,POR,11/20/2017,48,43.4%,0.386,17.2,33.3%,43.0%,0.267,8.1,10.0%,MEM,2,2,1,0,8
659,POR,11/22/2017,48,37.6%,0.27,16.1,19.3%,49.4%,0.18899999999999997,17.2,22.9%,PHI,2,2,0,0,-20
660,POR,11/24/2017,48,53.1%,0.365,6.6,26.1%,55.0%,0.21,8.6,28.3%,BKN,2,2,1,0,2
661,POR,11/25/2017,48,56.9%,0.275,16.1,16.7%,50.6%,0.18,11.0,16.7%,WAS,1,3,1,0,3
662,POR,11/27/2017,48,48.8%,0.313,11.8,11.9%,42.6%,0.25,13.4,25.9%,NYK,2,2,1,0,12
663,POR,11/30/2017,48,45.8%,0.205,19.1,25.0%,51.7%,0.172,10.1,11.1%,MIL,3,2,0,1,-12
664,POR,12/02/2017,48,50.0%,0.105,4.7,17.0%,61.0%,0.29100000000000004,11.4,10.3%,NOP,2,1,0,1,-7
665,POR,12/05/2017,48,48.7%,0.26899999999999996,19.1,17.5%,53.4%,0.157,10.6,24.4%,WAS,3,1,0,1,-14
666,POR,12/09/2017,48,61.4%,0.136,15.6,20.0%,60.0%,0.56,12.2,21.2%,HOU,4,2,0,1,-7
667,POR,12/11/2017,48,46.0%,0.284,10.3,25.0%,61.3%,0.213,14.7,18.2%,GSW,2,3,0,0,-7
668,SAC,10/18/2017,48,52.3%,0.114,17.8,22.0%,47.0%,0.349,16.0,26.7%,HOU,0,1,0,1,-5
669,SAC,10/20/2017,48,48.3%,0.149,16.4,35.6%,48.7%,0.28,13.4,14.6%,DAL,2,2,1,0,5
670,SAC,10/21/2017,48,41.2%,0.153,15.1,23.1%,49.4%,0.235,17.4,40.0%,DEN,1,3,0,0,-17
671,SAC,10/23/2017,48,48.0%,0.293,8.4,25.0%,61.0%,0.35100000000000003,20.2,20.0%,PHX,2,2,0,0,-2
672,SAC,10/26/2017,48,51.2%,0.309,13.0,11.9%,56.4%,0.267,14.8,25.6%,NOP,3,2,0,1,-8
673,SAC,10/29/2017,48,42.7%,0.195,20.4,23.4%,57.1%,0.235,17.4,28.9%,WAS,3,2,0,1,-27
674,SAC,10/31/2017,48,43.2%,0.159,15.1,20.4%,49.4%,0.259,15.7,28.0%,IND,2,2,0,0,-18
675,SAC,11/01/2017,48,46.9%,0.14800000000000002,15.9,16.3%,59.1%,0.23199999999999998,20.4,45.7%,BOS,1,2,0,0,-27
676,SAC,11/04/2017,48,59.2%,0.171,18.6,10.0%,58.9%,0.278,15.7,21.6%,DET,3,1,0,0,-9
677,SAC,11/07/2017,48,52.5%,0.152,22.5,12.5%,39.5%,0.267,16.3,17.6%,OKC,3,2,1,1,8
678,SAC,11/09/2017,48,49.5%,0.301,8.5,15.7%,51.1%,0.31,16.5,26.0%,PHI,2,2,1,1,1
679,SAC,11/11/2017,48,41.9%,0.375,13.7,25.6%,58.9%,0.16699999999999998,11.0,20.5%,NYK,2,3,0,0,-27
680,SAC,11/13/2017,48,47.6%,0.214,10.9,20.0%,57.6%,0.14,11.9,28.6%,WAS,2,2,0,0,-18
681,SAC,11/15/2017,48,38.6%,0.22699999999999998,12.3,20.0%,73.4%,0.203,20.6,33.3%,ATL,2,2,0,0,-46
682,SAC,11/17/2017,48,44.7%,0.17600000000000002,14.0,26.7%,41.4%,0.198,18.9,26.2%,POR,2,2,1,1,4
683,SAC,11/18/2017,48,42.7%,0.20199999999999999,11.1,18.8%,61.4%,0.3,20.4,15.6%,POR,1,1,0,0,-12
684,SAC,11/20/2017,48,52.3%,0.105,14.1,12.5%,57.6%,0.233,14.8,32.6%,DEN,2,1,0,1,-16
685,SAC,11/22/2017,48,61.2%,0.165,17.3,26.3%,59.6%,0.192,17.4,10.5%,LAL,2,1,1,1,11
686,SAC,11/25/2017,48,52.4%,0.10800000000000001,18.6,20.5%,53.1%,0.163,18.4,17.1%,LAC,3,3,0,1,-2
687,SAC,11/27/2017,48,58.9%,0.266,16.3,28.9%,60.0%,0.175,16.3,26.5%,GSW,2,2,1,0,4
688,SAC,11/28/2017,48,43.5%,0.377,18.2,19.6%,65.5%,0.43700000000000006,12.5,3.1%,MIL,1,3,0,1,-25
689,SAC,12/01/2017,48,56.5%,0.165,12.6,21.1%,53.9%,0.14400000000000002,9.3,18.6%,CHI,3,1,1,0,1
690,SAC,12/02/2017,48,55.2%,0.273,17.5,18.2%,53.6%,0.609,16.0,25.0%,MIL,1,2,0,0,-5
691,SAC,12/06/2017,48,51.2%,0.151,14.5,20.0%,56.4%,0.26899999999999996,15.7,16.3%,CLE,4,2,0,0,-6
692,SAC,12/08/2017,53,55.2%,0.14400000000000002,17.8,28.2%,51.7%,0.213,15.8,16.7%,NOP,2,2,1,0,7
693,SAC,12/10/2017,48,54.8%,0.192,22.5,17.9%,51.1%,0.218,13.5,25.5%,TOR,2,2,0,1,-15
694,SAS,10/18/2017,48,50.6%,0.213,11.4,27.9%,48.2%,0.271,13.4,22.4%,MIN,0,0,1,1,8
695,SAS,10/21/2017,48,41.4%,0.172,11.3,25.9%,42.7%,0.11,20.4,17.4%,CHI,3,2,1,0,10
696,SAS,10/23/2017,48,47.2%,0.256,19.6,38.3%,48.8%,0.3,14.9,11.9%,TOR,2,2,1,1,4
697,SAS,10/25/2017,48,61.8%,0.395,13.8,22.2%,51.9%,0.225,9.7,10.0%,MIA,2,2,1,0,17
698,SAS,10/27/2017,48,36.0%,0.303,17.7,30.4%,63.7%,0.16699999999999998,18.4,15.8%,ORL,2,3,0,0,-27
699,SAS,10/29/2017,48,45.0%,0.2,16.5,24.0%,53.2%,0.26,19.2,15.8%,IND,2,4,0,0,-3
700,SAS,10/30/2017,48,48.3%,0.23,11.6,23.5%,54.0%,0.182,15.8,34.9%,BOS,1,2,0,0,-14
701,SAS,11/02/2017,48,43.1%,0.264,18.6,28.0%,60.2%,0.193,14.1,13.5%,GSW,3,3,0,1,-20
702,SAS,11/03/2017,48,52.4%,0.313,15.5,16.7%,46.3%,0.525,12.1,22.4%,CHA,1,2,1,1,7
703,SAS,11/05/2017,48,56.3%,0.205,10.2,19.0%,50.6%,0.272,18.4,23.9%,PHX,2,2,1,1,17
704,SAS,11/07/2017,48,62.5%,0.226,13.8,27.5%,57.9%,0.207,18.5,26.3%,LAC,2,2,1,1,13
705,SAS,11/10/2017,48,48.1%,0.138,19.2,20.0%,48.9%,0.157,14.3,24.4%,MIL,3,3,0,1,-7
706,SAS,11/11/2017,48,70.6%,0.188,14.3,25.8%,50.0%,0.151,13.0,12.2%,CHI,1,1,1,1,39
707,SAS,11/14/2017,48,48.1%,0.342,12.6,18.6%,46.9%,0.222,15.2,11.4%,DAL,3,2,1,0,6
708,SAS,11/15/2017,48,46.2%,0.19,18.1,30.2%,50.0%,0.184,7.8,25.6%,MIN,1,2,0,0,-12
709,SAS,11/17/2017,48,53.2%,0.364,14.4,30.0%,48.9%,0.23600000000000002,9.6,28.9%,OKC,2,2,1,1,3
710,SAS,11/20/2017,48,50.6%,0.067,18.8,32.6%,48.2%,0.094,15.9,19.1%,ATL,3,2,1,1,11
711,SAS,11/22/2017,48,43.2%,0.17,15.6,17.4%,52.5%,0.29600000000000004,15.9,18.4%,NOP,2,2,0,0,-17
712,SAS,11/25/2017,48,51.9%,0.309,11.6,22.2%,39.3%,0.31,14.7,27.5%,CHA,3,1,1,0,20
713,SAS,11/27/2017,48,58.5%,0.256,10.3,10.0%,56.5%,0.2,11.1,9.3%,DAL,2,2,1,1,7
714,SAS,11/29/2017,48,56.0%,0.32,13.0,16.1%,52.6%,0.20800000000000002,18.9,28.9%,MEM,2,3,1,1,9
715,SAS,12/01/2017,48,52.1%,0.457,16.3,18.9%,43.9%,0.243,17.8,18.2%,MEM,2,2,1,0,16
716,SAS,12/03/2017,48,46.1%,0.303,17.9,20.0%,46.0%,0.24100000000000002,19.8,32.6%,OKC,2,2,0,0,-3
717,SAS,12/04/2017,48,51.2%,0.146,18.0,22.2%,45.9%,0.282,10.1,14.6%,DET,1,2,1,1,3
718,SAS,12/06/2017,48,60.3%,0.161,11.7,30.3%,66.7%,0.16699999999999998,21.0,20.0%,MIA,2,3,1,1,12
719,SAS,12/08/2017,48,51.9%,0.29600000000000004,14.4,33.3%,52.4%,0.205,15.0,25.6%,BOS,2,2,1,1,3
720,SAS,12/09/2017,48,49.4%,0.287,15.8,37.5%,48.1%,0.375,11.7,22.7%,PHX,1,2,1,0,3
721,TOR,10/19/2017,48,54.8%,0.337,17.1,31.0%,47.2%,0.213,17.9,21.7%,CHI,0,0,1,1,17
722,TOR,10/21/2017,48,54.5%,0.41600000000000004,11.8,19.5%,43.9%,0.439,18.2,15.7%,PHI,2,1,1,1,34
723,TOR,10/23/2017,48,48.8%,0.3,14.9,11.9%,47.2%,0.256,19.6,38.3%,SAS,2,2,0,0,-4
724,TOR,10/25/2017,48,50.0%,0.20199999999999999,17.4,35.4%,63.6%,0.28600000000000003,17.4,19.4%,GSW,2,2,0,0,-5
725,TOR,10/27/2017,48,46.8%,0.215,13.1,18.4%,47.5%,0.304,20.7,22.5%,LAL,2,2,1,0,9
726,TOR,10/30/2017,48,49.4%,0.195,10.4,20.0%,43.8%,0.23800000000000002,13.6,13.3%,POR,3,2,1,0,14
727,TOR,11/01/2017,48,55.9%,0.294,13.9,20.9%,62.5%,0.33,11.6,23.7%,DEN,2,2,0,0,-18
728,TOR,11/03/2017,48,61.3%,0.39399999999999996,17.8,17.9%,48.8%,0.3,14.8,22.7%,UTA,2,2,1,0,9
729,TOR,11/05/2017,48,49.4%,0.33799999999999997,13.6,20.5%,53.5%,0.271,16.8,28.9%,WAS,2,2,0,1,-11
730,TOR,11/07/2017,48,62.3%,0.29600000000000004,15.9,19.4%,56.9%,0.35,15.1,21.1%,CHI,2,3,1,1,5
731,TOR,11/09/2017,48,54.1%,0.235,10.9,22.7%,61.6%,0.305,13.6,9.5%,NOP,2,2,1,1,4
732,TOR,11/12/2017,48,53.6%,0.33299999999999996,18.9,16.2%,46.0%,0.218,15.7,33.3%,BOS,3,2,0,0,-1
733,TOR,11/14/2017,48,61.5%,0.5379999999999999,13.3,12.8%,49.4%,0.519,18.6,31.1%,HOU,2,2,1,0,16
734,TOR,11/15/2017,48,69.7%,0.263,21.0,21.4%,56.0%,0.154,13.8,24.4%,NOP,1,2,1,0,9
735,TOR,11/17/2017,48,62.2%,0.141,13.1,9.4%,37.9%,0.187,10.6,27.5%,NYK,2,2,1,1,23
736,TOR,11/19/2017,48,50.0%,0.156,8.6,23.9%,48.8%,0.259,14.5,17.8%,WAS,2,2,1,1,9
737,TOR,11/22/2017,48,50.6%,0.207,15.3,26.1%,50.5%,0.183,12.1,30.2%,NYK,3,2,0,0,-8
738,TOR,11/24/2017,48,54.9%,0.247,19.5,18.4%,52.4%,0.325,15.9,22.2%,IND,2,4,0,0,-3
739,TOR,11/25/2017,48,62.5%,0.107,17.2,30.6%,38.7%,0.307,19.6,16.7%,ATL,1,1,1,0,34
740,TOR,11/29/2017,48,60.2%,0.11199999999999999,8.9,27.5%,52.5%,0.44299999999999995,12.9,20.0%,CHA,4,4,1,1,13
741,TOR,12/01/2017,48,54.6%,0.21600000000000003,11.3,27.9%,48.0%,0.21600000000000003,10.2,30.0%,IND,2,2,1,1,5
742,TOR,12/05/2017,48,56.0%,0.28300000000000003,15.9,18.6%,55.3%,0.507,15.6,0.0%,PHX,4,1,1,1,13
743,TOR,12/08/2017,48,55.8%,0.423,11.8,29.4%,55.5%,0.268,17.4,29.7%,MEM,3,2,1,0,9
744,TOR,12/10/2017,48,51.1%,0.218,13.5,25.5%,54.8%,0.192,22.5,17.9%,SAC,2,2,1,0,15
745,TOR,12/11/2017,48,44.4%,0.325,12.8,6.5%,41.8%,0.264,12.9,26.4%,LAC,1,2,0,0,-5
746,UTA,10/18/2017,48,56.2%,0.198,15.5,16.2%,55.2%,0.156,22.6,18.9%,DEN,0,0,1,1,10
747,UTA,10/20/2017,48,53.9%,0.221,19.7,17.1%,48.8%,0.321,16.3,24.4%,MIN,2,2,0,0,-3
748,UTA,10/21/2017,48,55.2%,0.182,20.0,18.9%,48.1%,0.244,17.8,19.0%,OKC,1,2,1,1,9
749,UTA,10/24/2017,48,47.5%,0.139,19.2,19.5%,53.0%,0.253,13.8,25.0%,LAC,3,3,0,0,-18
750,UTA,10/25/2017,48,45.5%,0.325,22.9,15.2%,46.9%,0.094,16.0,30.2%,PHX,1,2,0,0,-9
751,UTA,10/28/2017,48,55.1%,0.165,24.5,35.9%,41.4%,0.247,17.4,28.6%,LAL,3,1,1,1,15
752,UTA,10/30/2017,48,56.8%,0.185,14.6,15.4%,52.6%,0.145,25.0,23.7%,DAL,2,2,1,1,15
753,UTA,11/01/2017,53,45.0%,0.4,12.7,19.2%,44.6%,0.29,15.3,19.6%,POR,2,2,1,1,9
754,UTA,11/03/2017,48,48.8%,0.3,14.8,22.7%,61.3%,0.39399999999999996,17.8,17.9%,TOR,2,2,0,1,-9
755,UTA,11/05/2017,48,50.6%,0.273,13.4,17.8%,73.5%,0.259,19.8,16.7%,HOU,2,2,0,0,-27
756,UTA,11/07/2017,48,34.8%,0.354,10.7,22.6%,49.4%,0.37,20.3,20.5%,PHI,2,4,0,1,-7
757,UTA,11/10/2017,48,37.2%,0.297,18.4,8.9%,45.5%,0.23399999999999999,21.2,16.3%,MIA,3,2,0,1,-10
758,UTA,11/11/2017,48,54.7%,0.294,16.0,27.9%,50.7%,0.513,17.0,23.8%,BKN,1,1,1,1,8
759,UTA,11/13/2017,48,52.4%,0.131,15.7,18.6%,59.2%,0.408,17.8,17.9%,MIN,2,2,0,1,-11
760,UTA,11/15/2017,48,53.8%,0.215,15.3,21.4%,52.5%,0.309,12.1,30.0%,NYK,2,2,0,0,-5
761,UTA,11/17/2017,48,57.0%,0.304,16.7,23.8%,61.3%,0.23800000000000002,12.8,12.1%,BKN,2,3,0,0,-11
762,UTA,11/18/2017,48,55.1%,0.184,10.7,28.6%,43.2%,0.284,16.6,21.6%,ORL,1,3,1,0,40
763,UTA,11/20/2017,48,40.6%,0.22399999999999998,13.9,13.2%,54.1%,0.259,18.9,25.0%,PHI,2,2,0,0,-21
764,UTA,11/22/2017,48,54.7%,0.221,7.5,18.6%,40.4%,0.256,16.9,17.8%,CHI,2,1,1,1,30
765,UTA,11/25/2017,48,67.9%,0.235,10.6,13.5%,58.4%,0.299,17.7,24.2%,MIL,3,3,1,1,13
766,UTA,11/28/2017,48,56.3%,0.10300000000000001,11.8,23.1%,40.4%,0.205,19.8,26.1%,DEN,3,4,1,1,29
767,UTA,11/30/2017,48,67.6%,0.165,13.8,27.8%,61.4%,0.429,20.6,30.3%,LAC,2,3,1,0,19
768,UTA,12/01/2017,48,56.5%,0.294,9.3,18.2%,56.9%,0.172,10.2,13.6%,NOP,1,2,1,1,6
769,UTA,12/04/2017,48,67.1%,0.237,17.8,34.5%,31.3%,0.28800000000000003,14.3,22.2%,WAS,3,3,1,1,47
770,UTA,12/05/2017,48,50.0%,0.266,18.5,20.9%,50.6%,0.321,19.1,31.6%,OKC,1,2,0,0,-6
771,UTA,12/07/2017,48,51.3%,0.35100000000000003,13.3,9.5%,58.0%,0.29600000000000004,16.9,22.2%,HOU,2,4,0,1,-11
772,UTA,12/09/2017,48,48.7%,0.48700000000000004,16.1,21.4%,58.6%,0.321,11.5,23.5%,MIL,2,1,0,0,-17
773,WAS,10/18/2017,48,46.4%,0.392,9.3,30.2%,54.3%,0.204,15.8,23.4%,PHI,0,0,1,1,5
774,WAS,10/20/2017,48,57.3%,0.467,16.9,23.3%,55.2%,0.23,18.1,25.0%,DET,2,2,1,1,4
775,WAS,10/23/2017,48,49.4%,0.33299999999999996,14.8,22.2%,53.8%,0.28800000000000003,22.1,24.3%,DEN,3,2,1,0,5
776,WAS,10/25/2017,53,44.2%,0.242,13.3,13.0%,48.4%,0.174,19.1,13.6%,LAL,2,3,0,0,-3
777,WAS,10/27/2017,48,52.1%,0.22699999999999998,13.7,24.0%,53.7%,0.21100000000000002,16.9,34.1%,GSW,2,2,0,0,-3
778,WAS,10/29/2017,48,57.1%,0.235,17.4,28.9%,42.7%,0.195,20.4,23.4%,SAC,2,3,1,0,27
779,WAS,11/01/2017,48,50.0%,0.326,11.7,30.6%,54.8%,0.45799999999999996,10.1,26.8%,PHX,3,1,0,1,-6
780,WAS,11/03/2017,48,60.1%,0.369,15.3,25.7%,63.4%,0.341,14.8,22.2%,CLE,2,2,0,1,-8
781,WAS,11/05/2017,48,53.5%,0.271,16.8,28.9%,49.4%,0.33799999999999997,13.6,20.5%,TOR,2,2,1,0,11
782,WAS,11/07/2017,48,49.3%,0.42700000000000005,14.8,6.7%,53.3%,0.22,11.9,23.4%,DAL,2,3,0,1,-14
783,WAS,11/09/2017,48,56.0%,0.24100000000000002,20.6,19.4%,37.8%,0.47700000000000004,17.9,30.9%,LAL,2,1,1,1,16
784,WAS,11/11/2017,48,58.3%,0.359,22.5,33.3%,49.4%,0.205,23.0,24.4%,ATL,2,1,1,1,19
785,WAS,11/13/2017,48,57.6%,0.14,11.9,28.6%,47.6%,0.214,10.9,20.0%,SAC,2,2,1,1,18
786,WAS,11/15/2017,48,46.8%,0.397,13.0,26.8%,49.4%,0.244,18.6,29.3%,MIA,2,3,1,0,9
787,WAS,11/17/2017,48,44.0%,0.19,12.5,14.3%,47.0%,0.217,15.6,20.4%,MIA,2,2,0,1,-3
788,WAS,11/19/2017,48,48.8%,0.259,14.5,17.8%,50.0%,0.156,8.6,23.9%,TOR,2,2,0,0,-9
789,WAS,11/20/2017,48,58.8%,0.23,19.7,22.9%,46.8%,0.24100000000000002,10.9,13.6%,MIL,1,2,1,0,11
790,WAS,11/22/2017,53,54.0%,0.222,11.5,20.9%,52.7%,0.44,11.3,29.2%,CHA,2,2,0,0,-5
791,WAS,11/25/2017,48,50.6%,0.18,11.0,16.7%,56.9%,0.275,16.1,16.7%,POR,3,1,0,1,-3
792,WAS,11/28/2017,48,49.4%,0.205,7.9,20.0%,47.1%,0.165,11.3,27.1%,MIN,3,2,1,0,3
793,WAS,11/29/2017,48,45.5%,0.41600000000000004,10.1,14.0%,47.5%,0.79,16.2,42.9%,PHI,1,2,0,0,-5
794,WAS,12/01/2017,48,52.2%,0.213,11.9,36.4%,50.0%,0.24100000000000002,15.3,10.8%,DET,2,2,1,1,18
795,WAS,12/04/2017,48,31.3%,0.28800000000000003,14.3,22.2%,67.1%,0.237,17.8,34.5%,UTA,3,3,0,0,-47
796,WAS,12/05/2017,48,53.4%,0.157,10.6,24.4%,48.7%,0.26899999999999996,19.1,17.5%,POR,1,3,1,0,14
797,WAS,12/07/2017,48,55.6%,0.309,11.6,20.0%,50.6%,0.359,14.8,25.0%,PHX,2,2,1,0,10
798,WAS,12/09/2017,48,59.1%,0.28,14.4,23.7%,57.5%,0.3,10.4,10.3%,LAC,2,3,0,0,-1
799,WAS,12/12/2017,48,42.1%,0.23199999999999998,10.6,21.4%,46.4%,0.39299999999999996,13.5,19.6%,BKN,3,3,0,0,-5
