,TEAM,GAME DATE,MIN,EFG%,FTA RATE,TOV,TOV%,OREB%,OPP_EFG%,OPP_FTA RATE,OPP_TOV,OPP_TOV%,OPP_OREB%,OPP,REST,OPP_REST,W/L,Home/Away,+/-
0,ATL,10/18/17,48,0.559,0.16,13.1,0.131,0.304,0.541,0.244,15.6,0.156,0.2,DAL,0,0,1,0,6
1,ATL,10/20/17,48,0.416,0.147,12,0.12,0.118,0.494,0.349,19.4,0.194,0.273,CHA,2,2,0,0,-18
2,ATL,10/22/17,48,0.378,0.383,14.6,0.146,0.296,0.534,0.391,16.8,0.168,0.289,BKN,2,2,0,0,-12
3,ATL,10/23/17,48,0.52,0.237,21.2,0.212,0.162,0.541,0.212,18.6,0.186,0.222,MIA,1,2,0,0,-11
4,ATL,10/26/17,48,0.463,0.16,11.1,0.111,0.137,0.401,0.337,16.5,0.165,0.353,CHI,3,2,0,0,-5
5,ATL,10/27/17,48,0.494,0.135,12.6,0.126,0.239,0.484,0.253,11.8,0.118,0.256,DEN,1,2,0,1,-5
6,ATL,10/29/17,48,0.552,0.338,15.8,0.158,0.073,0.623,0.259,14.1,0.141,0.152,MIL,2,3,0,1,-11
7,ATL,11/1/17,48,0.479,0.287,16.8,0.168,0.24,0.53,0.253,15.2,0.152,0.288,PHI,3,2,0,0,-10
8,ATL,11/3/17,48,0.549,0.222,17.7,0.177,0.125,0.562,0.258,13.4,0.134,0.2,HOU,2,2,0,1,-15
9,ATL,11/5/17,48,0.541,0.395,15.9,0.159,0.256,0.49,0.24,12.5,0.125,0.313,CLE,2,2,1,0,2
10,ATL,11/6/17,48,0.562,0.247,14.2,0.142,0.125,0.568,0.272,14.3,0.143,0.184,BOS,1,1,0,1,-3
11,ATL,11/10/17,48,0.539,0.124,16.2,0.162,0.262,0.506,0.303,17.4,0.174,0.37,DET,4,2,0,0,-7
12,ATL,11/11/17,48,0.494,0.205,23,0.23,0.244,0.583,0.359,22.5,0.225,0.333,WAS,1,2,0,0,-19
13,ATL,11/13/17,48,0.557,0.103,16.5,0.165,0.244,0.633,0.227,20.1,0.201,0.212,NOP,2,2,0,0,-1
14,ATL,11/15/17,48,0.734,0.203,20.6,0.206,0.333,0.386,0.227,12.3,0.123,0.2,SAC,2,2,1,1,46
15,ATL,11/18/17,48,0.532,0.256,14.8,0.148,0.158,0.573,0.244,16.4,0.164,0.237,BOS,3,2,0,1,-11
16,ATL,11/20/17,48,0.482,0.094,15.9,0.159,0.191,0.506,0.067,18.8,0.188,0.326,SAS,2,3,0,0,-11
17,ATL,11/22/17,48,0.542,0.181,15.7,0.157,0.25,0.678,0.25,17.8,0.178,0.182,LAC,2,2,0,1,-13
18,ATL,11/24/17,48,0.54,0.121,9.9,0.099,0.283,0.59,0.179,20.2,0.202,0.156,NYK,2,2,1,1,12
19,ATL,11/25/17,48,0.387,0.307,19.6,0.196,0.167,0.625,0.107,17.2,0.172,0.306,TOR,1,1,0,1,-34
20,ATL,11/30/17,48,0.595,0.304,18.1,0.181,0.222,0.633,0.342,20.2,0.202,0.364,CLE,5,2,0,1,-7
21,ATL,12/2/17,48,0.525,0.141,9.8,0.098,0.277,0.518,0.256,19.3,0.193,0.261,BKN,2,3,1,0,12
22,ATL,12/4/17,48,0.421,0.329,17.5,0.175,0.184,0.571,0.176,23.2,0.232,0.293,BKN,2,2,0,1,-20
23,ATL,12/6/17,53,0.489,0.215,17.3,0.173,0.22,0.5,0.184,15.5,0.155,0.255,ORL,2,2,0,0,-4
24,ATL,12/9/17,48,0.619,0.313,12.8,0.128,0.237,0.56,0.087,12.3,0.123,0.244,ORL,3,1,1,1,7
25,ATL,12/10/17,48,0.539,0.39,16.8,0.168,0.182,0.519,0.425,11.9,0.119,0.171,NYK,1,1,0,0,-4
26,ATL,12/12/17,48,0.554,0.141,10.2,0.102,0.244,0.674,0.116,13.3,0.133,0.182,CLE,2,3,0,0,-9
27,BKN,10/18/17,48,0.543,0.34,17.1,0.171,0.25,0.564,0.314,12.1,0.121,0.304,IND,0,0,0,0,-9
28,BKN,10/20/17,48,0.549,0.38,16.3,0.163,0.326,0.607,0.169,20.3,0.203,0.214,ORL,2,2,1,1,5
29,BKN,10/22/17,48,0.534,0.391,16.8,0.168,0.289,0.378,0.383,14.6,0.146,0.296,ATL,2,2,1,1,12
30,BKN,10/24/17,48,0.474,0.354,14.2,0.142,0.269,0.542,0.482,10.4,0.104,0.146,ORL,2,3,0,0,-4
31,BKN,10/25/17,48,0.522,0.226,12.4,0.124,0.208,0.556,0.321,20.1,0.201,0.243,CLE,1,1,1,1,5
32,BKN,10/27/17,48,0.473,0.28,16.8,0.168,0.122,0.495,0.173,12.2,0.122,0.388,NYK,2,3,0,0,-21
33,BKN,10/29/17,48,0.469,0.323,13.9,0.139,0.288,0.559,0.234,5.7,0.057,0.093,DEN,2,2,0,1,-13
34,BKN,10/31/17,48,0.456,0.294,6.1,0.061,0.111,0.521,0.25,17.2,0.172,0.213,PHX,2,3,0,1,-8
35,BKN,11/3/17,48,0.456,0.418,13.8,0.138,0.138,0.559,0.287,13.9,0.139,0.167,LAL,3,1,0,0,-12
36,BKN,11/6/17,48,0.448,0.333,15.3,0.153,0.224,0.384,0.407,16.3,0.163,0.275,PHX,3,1,1,0,6
37,BKN,11/7/17,48,0.489,0.247,21.6,0.216,0.174,0.522,0.215,17,0.17,0.188,DEN,1,3,0,0,-8
38,BKN,11/10/17,48,0.495,0.209,10.2,0.102,0.22,0.463,0.116,11.1,0.111,0.24,POR,3,3,1,0,4
39,BKN,11/11/17,48,0.507,0.513,17,0.17,0.238,0.547,0.294,16,0.16,0.279,UTA,1,1,0,0,-8
40,BKN,11/14/17,48,0.523,0.182,14.8,0.148,0.184,0.506,0.314,13.6,0.136,0.209,BOS,3,2,0,1,-7
41,BKN,11/17/17,48,0.613,0.238,12.8,0.128,0.121,0.57,0.304,16.7,0.167,0.238,UTA,3,2,1,1,11
42,BKN,11/19/17,48,0.442,0.411,11.6,0.116,0.203,0.567,0.256,13.7,0.137,0.133,GSW,2,1,0,1,-7
43,BKN,11/22/17,48,0.605,0.198,19.2,0.192,0.216,0.61,0.329,10,0.1,0.105,CLE,3,2,0,0,-10
44,BKN,11/24/17,48,0.55,0.21,8.6,0.086,0.283,0.531,0.365,6.6,0.066,0.261,POR,2,2,0,1,-2
45,BKN,11/26/17,48,0.534,0.311,20.9,0.209,0.333,0.45,0.225,15.4,0.154,0.262,MEM,2,2,1,0,10
46,BKN,11/27/17,48,0.523,0.198,13.8,0.138,0.15,0.605,0.233,14.7,0.147,0.178,HOU,1,2,0,0,-14
47,BKN,11/29/17,48,0.528,0.278,13.9,0.139,0.275,0.518,0.25,11.3,0.113,0.156,DAL,2,2,1,0,5
48,BKN,12/2/17,48,0.518,0.256,19.3,0.193,0.261,0.525,0.141,9.8,0.098,0.277,ATL,3,2,0,1,-12
49,BKN,12/4/17,48,0.571,0.176,23.2,0.232,0.293,0.421,0.329,17.5,0.175,0.184,ATL,2,2,1,0,20
50,BKN,12/7/17,48,0.506,0.375,15.7,0.157,0.159,0.423,0.235,11.6,0.116,0.288,OKC,3,2,1,1,5
51,BKN,12/9/17,48,0.451,0.235,14.7,0.147,0.182,0.511,0.156,6.4,0.064,0.186,MIA,2,3,0,1,-12
52,BKN,12/12/17,48,0.464,0.393,13.5,0.135,0.196,0.421,0.232,10.6,0.106,0.214,WAS,3,3,1,1,5
53,BOS,10/17/17,48,0.455,0.284,11.8,0.118,0.18,0.488,0.301,16.7,0.167,0.196,CLE,0,0,0,0,-3
54,BOS,10/18/17,48,0.489,0.231,14.4,0.144,0.22,0.546,0.395,15.3,0.153,0.158,MIL,1,0,0,1,-8
55,BOS,10/20/17,48,0.476,0.381,18.4,0.184,0.298,0.435,0.174,16.7,0.167,0.255,PHI,2,2,1,0,10
56,BOS,10/24/17,48,0.587,0.36,14.6,0.146,0.135,0.429,0.294,14.1,0.141,0.234,NYK,4,3,1,1,21
57,BOS,10/26/17,48,0.494,0.282,16.4,0.164,0.146,0.526,0.182,18.2,0.182,0.049,MIL,2,3,1,0,7
58,BOS,10/28/17,48,0.457,0.321,12.8,0.128,0.244,0.475,0.203,19.2,0.192,0.167,MIA,2,3,1,0,6
59,BOS,10/30/17,48,0.54,0.182,15.8,0.158,0.349,0.483,0.23,11.6,0.116,0.235,SAS,2,1,1,1,14
60,BOS,11/1/17,48,0.591,0.232,20.4,0.204,0.457,0.469,0.148,15.9,0.159,0.163,SAC,2,1,1,1,27
61,BOS,11/3/17,48,0.506,0.286,11.6,0.116,0.229,0.477,0.161,12.7,0.127,0.224,OKC,2,3,1,0,7
62,BOS,11/5/17,48,0.5,0.225,13.6,0.136,0.205,0.396,0.198,12.8,0.128,0.182,ORL,2,2,1,0,16
63,BOS,11/6/17,48,0.568,0.272,14.3,0.143,0.184,0.562,0.247,14.2,0.142,0.125,ATL,1,1,1,0,3
64,BOS,11/8/17,48,0.423,0.316,12.8,0.128,0.308,0.465,0.271,20.2,0.202,0.273,LAL,2,3,1,1,11
65,BOS,11/10/17,48,0.411,0.298,13.1,0.131,0.184,0.425,0.413,13.8,0.138,0.149,CHA,2,3,1,1,3
66,BOS,11/12/17,48,0.46,0.218,15.7,0.157,0.333,0.536,0.333,18.9,0.189,0.162,TOR,2,3,1,1,1
67,BOS,11/14/17,48,0.506,0.314,13.6,0.136,0.209,0.523,0.182,14.8,0.148,0.184,BKN,2,3,1,0,7
68,BOS,11/16/17,48,0.373,0.481,14.5,0.145,0.149,0.463,0.232,15.3,0.153,0.135,GSW,2,3,1,1,4
69,BOS,11/18/17,48,0.573,0.244,16.4,0.164,0.237,0.532,0.256,14.8,0.148,0.158,ATL,2,3,1,0,11
70,BOS,11/20/17,53,0.53,0.31,15.8,0.158,0.119,0.443,0.208,10.2,0.102,0.143,DAL,2,2,1,0,8
71,BOS,11/22/17,48,0.47,0.321,11,0.11,0.146,0.556,0.198,16.5,0.165,0.189,MIA,2,3,0,0,-6
72,BOS,11/24/17,48,0.555,0.275,9.2,0.092,0.271,0.479,0.2,12.1,0.121,0.327,ORL,2,2,1,1,15
73,BOS,11/25/17,48,0.625,0.113,15.8,0.158,0.133,0.532,0.192,21.1,0.211,0.278,IND,1,1,1,0,10
74,BOS,11/27/17,48,0.623,0.273,17.3,0.173,0.135,0.582,0.271,8.4,0.084,0.205,DET,2,3,0,1,-10
75,BOS,11/30/17,48,0.582,0.253,17.4,0.174,0.189,0.512,0.214,19.8,0.198,0.313,PHI,3,1,1,1,11
76,BOS,12/2/17,48,0.613,0.288,9.5,0.095,0.114,0.51,0.109,11.8,0.118,0.372,PHX,2,3,1,1,5
77,BOS,12/4/17,48,0.615,0.244,16.1,0.161,0.242,0.506,0.308,10.5,0.105,0.075,MIL,2,2,1,1,11
78,BOS,12/6/17,48,0.483,0.195,12.3,0.123,0.188,0.448,0.198,11.2,0.112,0.12,DAL,2,2,1,1,7
79,BOS,12/8/17,48,0.524,0.205,15,0.15,0.256,0.519,0.296,14.4,0.144,0.333,SAS,2,2,0,0,-3
80,BOS,12/10/17,48,0.487,0.228,15.2,0.152,0.205,0.393,0.226,10.9,0.109,0.212,DET,2,2,1,0,10
81,BOS,12/11/17,48,0.458,0.169,17,0.17,0.234,0.556,0.309,9.9,0.099,0.222,CHI,1,2,0,0,-23
82,CHA,10/18/17,48,0.459,0.397,17,0.17,0.073,0.474,0.125,8.9,0.089,0.17,DET,0,0,0,0,-12
83,CHA,10/20/17,48,0.494,0.349,19.4,0.194,0.273,0.416,0.147,12,0.12,0.118,ATL,2,2,1,1,18
84,CHA,10/23/17,48,0.468,0.462,14.3,0.143,0.213,0.524,0.188,13,0.13,0.116,MIL,3,2,0,0,-9
85,CHA,10/25/17,48,0.549,0.321,14.5,0.145,0.233,0.42,0.15,13.6,0.136,0.31,DEN,2,2,1,1,17
86,CHA,10/27/17,48,0.438,0.318,9.2,0.092,0.2,0.576,0.153,16,0.16,0.175,HOU,2,2,0,1,-16
87,CHA,10/29/17,48,0.577,0.175,15.5,0.155,0.286,0.479,0.268,10,0.1,0.161,ORL,2,2,1,1,7
88,CHA,10/30/17,48,0.455,0.326,11.6,0.116,0.213,0.387,0.355,6.8,0.068,0.193,MEM,1,2,1,0,5
89,CHA,11/1/17,48,0.619,0.345,10.9,0.109,0.184,0.599,0.165,13.6,0.136,0.209,MIL,2,1,1,1,5
90,CHA,11/3/17,48,0.463,0.525,12.1,0.121,0.224,0.524,0.313,15.5,0.155,0.167,SAS,2,1,0,0,-7
91,CHA,11/5/17,48,0.466,0.236,11.1,0.111,0.192,0.518,0.361,16,0.16,0.286,MIN,2,1,0,0,-18
92,CHA,11/7/17,48,0.544,0.187,13.8,0.138,0.37,0.68,0.28,17,0.17,0.207,NYK,2,2,0,0,-5
93,CHA,11/10/17,48,0.425,0.413,13.8,0.138,0.149,0.411,0.298,13.1,0.131,0.184,BOS,3,2,0,0,-3
94,CHA,11/15/17,48,0.512,0.326,12.6,0.126,0.186,0.511,0.211,13.8,0.138,0.327,CLE,5,2,0,1,-8
95,CHA,11/17/17,48,0.58,0.42,12.5,0.125,0.139,0.61,0.143,10.6,0.106,0.098,CHI,2,2,0,0,-3
96,CHA,11/18/17,48,0.454,0.333,8,0.08,0.178,0.446,0.229,14.2,0.142,0.146,LAC,1,1,1,1,15
97,CHA,11/20/17,48,0.559,0.341,16.4,0.164,0.282,0.444,0.289,10.7,0.107,0.196,MIN,2,1,1,1,16
98,CHA,11/22/17,53,0.527,0.44,11.3,0.113,0.292,0.54,0.222,11.5,0.115,0.209,WAS,2,2,1,1,5
99,CHA,11/24/17,48,0.441,0.287,9,0.09,0.263,0.536,0.181,12.2,0.122,0.07,CLE,2,2,0,0,-1
100,CHA,11/25/17,48,0.393,0.31,14.7,0.147,0.275,0.519,0.309,11.6,0.116,0.222,SAS,1,3,0,1,-20
101,CHA,11/29/17,48,0.525,0.443,12.9,0.129,0.2,0.602,0.112,8.9,0.089,0.275,TOR,4,4,0,0,-13
102,CHA,12/1/17,48,0.513,0.266,21.9,0.219,0.25,0.575,0.263,21.5,0.215,0.231,MIA,2,2,0,0,-5
103,CHA,12/4/17,48,0.423,0.476,14.2,0.142,0.239,0.5,0.171,19.4,0.194,0.109,ORL,3,1,1,1,10
104,CHA,12/6/17,48,0.381,0.175,11.7,0.117,0.264,0.542,0.155,15.5,0.155,0.186,GSW,2,2,0,1,-14
105,CHA,12/8/17,53,0.45,0.29,9.6,0.096,0.153,0.515,0.222,12,0.12,0.128,CHI,2,2,0,1,-8
106,CHA,12/9/17,48,0.484,0.151,10.9,0.109,0.184,0.559,0.247,13.7,0.137,0.15,LAL,1,2,0,1,-11
107,CHA,12/11/17,48,0.611,0.296,15.4,0.154,0.243,0.465,0.294,15,0.15,0.256,OKC,2,2,1,0,13
108,CHI,10/19/17,48,0.472,0.213,17.9,0.179,0.217,0.548,0.337,17.1,0.171,0.31,TOR,0,0,0,0,-17
109,CHI,10/21/17,48,0.427,0.11,20.4,0.204,0.174,0.414,0.172,11.3,0.113,0.259,SAS,2,3,0,1,-10
110,CHI,10/24/17,48,0.574,0.148,12.3,0.123,0.205,0.614,0.265,9.6,0.096,0.205,CLE,3,3,0,0,-7
111,CHI,10/26/17,48,0.401,0.337,16.5,0.165,0.353,0.463,0.16,11.1,0.111,0.137,ATL,2,3,1,1,5
112,CHI,10/28/17,48,0.346,0.256,21.1,0.211,0.226,0.517,0.159,12.6,0.126,0.239,OKC,2,1,0,1,-32
113,CHI,11/1/17,48,0.444,0.213,11.7,0.117,0.135,0.482,0.229,11.1,0.111,0.06,MIA,4,2,0,0,-6
114,CHI,11/3/17,48,0.553,0.141,17.3,0.173,0.225,0.465,0.058,16.5,0.165,0.152,ORL,2,2,1,0,22
115,CHI,11/4/17,53,0.409,0.121,17.7,0.177,0.254,0.454,0.253,14.1,0.141,0.106,NOP,1,1,0,1,-6
116,CHI,11/7/17,48,0.569,0.35,15.1,0.151,0.211,0.623,0.296,15.9,0.159,0.194,TOR,3,2,0,0,-5
117,CHI,11/10/17,48,0.435,0.097,12.2,0.122,0.2,0.583,0.143,17.9,0.179,0.179,IND,3,2,0,1,-18
118,CHI,11/11/17,48,0.5,0.151,13,0.13,0.122,0.706,0.188,14.3,0.143,0.258,SAS,1,1,0,0,-39
119,CHI,11/15/17,48,0.42,0.267,17.9,0.179,0.14,0.417,0.514,15.3,0.153,0.256,OKC,4,3,0,0,-13
120,CHI,11/17/17,48,0.61,0.143,10.6,0.106,0.098,0.58,0.42,12.5,0.125,0.139,CHA,2,2,1,1,3
121,CHI,11/19/17,48,0.475,0.139,12,0.12,0.235,0.545,0.247,10.9,0.109,0.205,PHX,2,2,0,0,-8
122,CHI,11/21/17,48,0.441,0.17,14,0.14,0.268,0.472,0.278,13.6,0.136,0.235,LAL,2,2,0,0,-9
123,CHI,11/22/17,48,0.404,0.256,16.9,0.169,0.178,0.547,0.221,7.5,0.075,0.186,UTA,1,2,0,0,-30
124,CHI,11/24/17,48,0.419,0.152,13.9,0.139,0.232,0.67,0.231,10.5,0.105,0.182,GSW,2,2,0,0,-49
125,CHI,11/26/17,48,0.449,0.18,14.4,0.144,0.137,0.54,0.307,13.4,0.134,0.024,MIA,2,2,0,1,-7
126,CHI,11/28/17,48,0.489,0.106,9.1,0.091,0.17,0.5,0.264,15.1,0.151,0.289,PHX,2,2,0,1,-5
127,CHI,11/30/17,48,0.591,0.256,11.4,0.114,0.154,0.53,0.373,12.3,0.123,0.244,DEN,2,2,0,0,-1
128,CHI,12/1/17,48,0.539,0.144,9.3,0.093,0.186,0.565,0.165,12.6,0.126,0.211,SAC,1,3,0,1,-1
129,CHI,12/4/17,48,0.47,0.22,12.1,0.121,0.196,0.599,0.21,8.7,0.087,0.132,CLE,3,2,0,1,-22
130,CHI,12/6/17,48,0.53,0.193,16.8,0.168,0.256,0.517,0.115,13.3,0.133,0.167,IND,2,2,0,0,-2
131,CHI,12/8/17,53,0.515,0.222,12,0.12,0.128,0.45,0.29,9.6,0.096,0.153,CHA,2,2,1,0,8
132,CHI,12/9/17,48,0.555,0.28,15.1,0.151,0.2,0.511,0.099,14.7,0.147,0.2,NYK,1,3,1,1,2
133,CHI,12/11/17,48,0.556,0.309,9.9,0.099,0.222,0.458,0.169,17,0.17,0.234,BOS,2,1,1,1,23
134,CLE,10/17/17,48,0.488,0.301,16.7,0.167,0.196,0.455,0.284,11.8,0.118,0.18,BOS,0,0,1,1,3
135,CLE,10/20/17,48,0.611,0.21,18.5,0.185,0.29,0.53,0.146,15.9,0.159,0.186,MIL,3,2,1,0,19
136,CLE,10/21/17,48,0.424,0.314,15.6,0.156,0.224,0.539,0.222,12.1,0.121,0.267,ORL,1,1,0,1,-21
137,CLE,10/24/17,48,0.614,0.265,9.6,0.096,0.205,0.574,0.148,12.3,0.123,0.205,CHI,3,3,1,1,7
138,CLE,10/25/17,48,0.556,0.321,20.1,0.201,0.243,0.522,0.226,12.4,0.124,0.208,BKN,1,1,0,0,-5
139,CLE,10/28/17,48,0.538,0.295,17.8,0.178,0.119,0.584,0.168,10.7,0.107,0.238,NOP,3,2,0,0,-22
140,CLE,10/29/17,48,0.444,0.333,14.9,0.149,0.149,0.545,0.236,13.8,0.138,0.244,NYK,1,2,0,1,-19
141,CLE,11/1/17,48,0.541,0.233,15.6,0.156,0.186,0.633,0.144,13.8,0.138,0.195,IND,3,1,0,1,-17
142,CLE,11/3/17,48,0.634,0.341,14.8,0.148,0.222,0.601,0.369,15.3,0.153,0.257,WAS,2,2,1,0,8
143,CLE,11/5/17,48,0.49,0.24,12.5,0.125,0.313,0.541,0.395,15.9,0.159,0.256,ATL,2,2,0,1,-2
144,CLE,11/7/17,48,0.555,0.463,13,0.13,0.3,0.645,0.193,16.3,0.163,0.229,MIL,2,4,1,1,5
145,CLE,11/9/17,48,0.63,0.173,18.6,0.186,0.125,0.571,0.468,22.5,0.225,0.436,HOU,2,4,0,0,-4
146,CLE,11/11/17,48,0.506,0.432,16.4,0.164,0.233,0.478,0.228,10.7,0.107,0.173,DAL,2,4,1,0,7
147,CLE,11/13/17,48,0.489,0.25,20.1,0.201,0.28,0.477,0.25,16.7,0.167,0.277,NYK,2,2,1,0,3
148,CLE,11/15/17,48,0.511,0.211,13.8,0.138,0.327,0.512,0.326,12.6,0.126,0.186,CHA,2,5,1,0,8
149,CLE,11/17/17,53,0.528,0.322,13.7,0.137,0.16,0.495,0.136,13.5,0.135,0.232,LAC,2,4,1,1,5
150,CLE,11/20/17,48,0.625,0.213,12,0.12,0.206,0.526,0.169,15.6,0.156,0.167,DET,3,1,1,0,28
151,CLE,11/22/17,48,0.61,0.329,10,0.1,0.105,0.605,0.198,19.2,0.192,0.216,BKN,2,3,1,1,10
152,CLE,11/24/17,48,0.536,0.181,12.2,0.122,0.07,0.441,0.287,9,0.09,0.263,CHA,2,2,1,1,1
153,CLE,11/27/17,48,0.564,0.233,12.5,0.125,0.262,0.391,0.208,14.5,0.145,0.386,PHI,3,2,1,0,22
154,CLE,11/28/17,48,0.562,0.284,14,0.14,0.128,0.5,0.238,15,0.15,0.167,MIA,1,2,1,1,11
155,CLE,11/30/17,48,0.633,0.342,20.2,0.202,0.364,0.595,0.304,18.1,0.181,0.222,ATL,2,5,1,0,7
156,CLE,12/2/17,48,0.633,0.307,11.6,0.116,0.032,0.589,0.167,13.4,0.134,0.167,MEM,2,1,1,1,5
157,CLE,12/4/17,48,0.599,0.21,8.7,0.087,0.132,0.47,0.22,12.1,0.121,0.196,CHI,2,3,1,0,22
158,CLE,12/6/17,48,0.564,0.269,15.7,0.157,0.163,0.512,0.151,14.5,0.145,0.2,SAC,2,4,1,1,6
159,CLE,12/8/17,48,0.494,0.256,12.2,0.122,0.191,0.529,0.279,10.6,0.106,0.255,IND,2,2,0,0,-4
160,CLE,12/9/17,48,0.573,0.32,18.5,0.185,0.158,0.545,0.167,19.8,0.198,0.206,PHI,1,2,1,1,7
161,CLE,12/12/17,48,0.674,0.116,13.3,0.133,0.182,0.554,0.141,10.2,0.102,0.244,ATL,3,2,1,1,9
162,DAL,10/18/17,48,0.541,0.244,15.6,0.156,0.2,0.559,0.16,13.1,0.131,0.304,ATL,0,0,0,1,-6
163,DAL,10/20/17,48,0.487,0.28,13.4,0.134,0.146,0.483,0.149,16.4,0.164,0.356,SAC,2,2,0,1,-5
164,DAL,10/21/17,48,0.446,0.25,14.1,0.141,0.148,0.543,0.268,15.2,0.152,0.195,HOU,1,3,0,0,-16
165,DAL,10/23/17,48,0.443,0.313,11.2,0.112,0.259,0.645,0.302,15.5,0.155,0.263,GSW,2,2,0,1,-30
166,DAL,10/25/17,48,0.561,0.392,11.7,0.117,0.118,0.542,0.333,19,0.19,0.162,MEM,2,2,1,1,9
167,DAL,10/26/17,48,0.394,0.213,14.2,0.142,0.327,0.479,0.411,18.9,0.189,0.205,MEM,1,1,0,0,-5
168,DAL,10/28/17,48,0.642,0.257,18.5,0.185,0.088,0.586,0.161,14.6,0.146,0.268,PHI,2,3,0,1,-2
169,DAL,10/30/17,48,0.526,0.145,25,0.25,0.237,0.568,0.185,14.6,0.146,0.154,UTA,2,2,0,0,-15
170,DAL,11/1/17,48,0.461,0.225,13.6,0.136,0.176,0.609,0.372,16,0.16,0.194,LAC,2,2,0,0,-21
171,DAL,11/3/17,48,0.438,0.25,14.5,0.145,0.17,0.444,0.292,13.3,0.133,0.191,NOP,2,2,0,1,-5
172,DAL,11/4/17,48,0.517,0.138,15,0.15,0.156,0.608,0.253,19.6,0.196,0.294,MIN,1,3,0,0,-13
173,DAL,11/7/17,48,0.533,0.22,11.9,0.119,0.234,0.493,0.427,14.8,0.148,0.067,WAS,3,2,1,0,14
174,DAL,11/11/17,48,0.478,0.228,10.7,0.107,0.173,0.506,0.432,16.4,0.164,0.233,CLE,4,2,0,1,-7
175,DAL,11/12/17,48,0.489,0.207,19.2,0.192,0.244,0.604,0.458,16.9,0.169,0.091,OKC,1,2,0,0,-13
176,DAL,11/14/17,48,0.469,0.222,15.2,0.152,0.114,0.481,0.342,12.6,0.126,0.186,SAS,2,3,0,1,-6
177,DAL,11/17/17,48,0.419,0.198,11.8,0.118,0.229,0.542,0.274,10.7,0.107,0.268,MIN,3,2,0,1,-24
178,DAL,11/18/17,48,0.601,0.241,18.3,0.183,0.189,0.419,0.419,14,0.14,0.16,MIL,1,3,1,1,32
179,DAL,11/20/17,53,0.443,0.208,10.2,0.102,0.143,0.53,0.31,15.8,0.158,0.119,BOS,2,2,0,1,-8
180,DAL,11/22/17,48,0.478,0.176,7.8,0.078,0.08,0.5,0.173,17.3,0.173,0.143,MEM,2,2,1,0,1
181,DAL,11/25/17,48,0.593,0.147,19.1,0.191,0.205,0.444,0.163,17.9,0.179,0.186,OKC,3,1,1,1,16
182,DAL,11/27/17,48,0.565,0.2,11.1,0.111,0.093,0.585,0.256,10.3,0.103,0.1,SAS,2,2,0,0,-7
183,DAL,11/29/17,48,0.518,0.25,11.3,0.113,0.156,0.528,0.278,13.9,0.139,0.275,BKN,2,2,0,1,-5
184,DAL,12/2/17,48,0.557,0.329,18.4,0.184,0.357,0.384,0.267,11.4,0.114,0.22,LAC,3,2,1,1,26
185,DAL,12/4/17,48,0.64,0.198,7.3,0.073,0.128,0.495,0.253,7.5,0.075,0.288,DEN,2,2,1,1,17
186,DAL,12/6/17,48,0.448,0.198,11.2,0.112,0.12,0.483,0.195,12.3,0.123,0.188,BOS,2,2,0,0,-7
187,DAL,12/8/17,48,0.533,0.347,12.7,0.127,0.108,0.506,0.43,10.3,0.103,0.179,MIL,2,2,0,0,-7
188,DAL,12/10/17,48,0.525,0.111,12.2,0.122,0.143,0.549,0.319,19.8,0.198,0.25,MIN,2,4,0,0,-5
189,DEN,10/18/17,48,0.552,0.156,22.6,0.226,0.189,0.562,0.198,15.5,0.155,0.162,UTA,0,0,0,0,-10
190,DEN,10/21/17,48,0.494,0.235,17.4,0.174,0.4,0.412,0.153,15.1,0.151,0.231,SAC,3,1,1,1,17
191,DEN,10/23/17,48,0.538,0.288,22.1,0.221,0.243,0.494,0.333,14.8,0.148,0.222,WAS,2,3,0,1,-5
192,DEN,10/25/17,48,0.42,0.15,13.6,0.136,0.31,0.549,0.321,14.5,0.145,0.233,CHA,2,2,0,0,-17
193,DEN,10/27/17,48,0.484,0.253,11.8,0.118,0.256,0.494,0.135,12.6,0.126,0.239,ATL,2,1,1,0,5
194,DEN,10/29/17,48,0.559,0.234,5.7,0.057,0.093,0.469,0.323,13.9,0.139,0.288,BKN,2,2,1,0,13
195,DEN,10/30/17,48,0.518,0.365,13.2,0.132,0.255,0.579,0.28,22.1,0.221,0.324,NYK,1,1,0,0,-6
196,DEN,11/1/17,48,0.625,0.33,11.6,0.116,0.237,0.559,0.294,13.9,0.139,0.209,TOR,2,2,1,1,18
197,DEN,11/3/17,48,0.506,0.313,17.9,0.179,0.283,0.565,0.143,23.8,0.238,0.222,MIA,2,2,1,1,1
198,DEN,11/4/17,48,0.494,0.31,16.7,0.167,0.209,0.648,0.187,14.1,0.141,0.159,GSW,1,2,0,1,-19
199,DEN,11/7/17,48,0.522,0.215,17,0.17,0.188,0.489,0.247,21.6,0.216,0.174,BKN,3,1,1,1,8
200,DEN,11/9/17,48,0.518,0.268,19.7,0.197,0.35,0.483,0.156,18.7,0.187,0.367,OKC,2,2,1,1,8
201,DEN,11/11/17,48,0.598,0.31,13.1,0.131,0.317,0.534,0.23,12,0.12,0.178,ORL,2,1,1,1,18
202,DEN,11/13/17,48,0.411,0.179,20.3,0.203,0.255,0.568,0.247,23.2,0.232,0.258,POR,2,3,0,0,-17
203,DEN,11/17/17,48,0.73,0.236,15,0.15,0.382,0.593,0.11,12.9,0.129,0.186,NOP,4,2,1,1,32
204,DEN,11/19/17,48,0.506,0.417,20.3,0.203,0.34,0.59,0.16,13.8,0.138,0.302,LAL,2,2,0,0,-18
205,DEN,11/20/17,48,0.576,0.233,14.8,0.148,0.326,0.523,0.105,14.1,0.141,0.125,SAC,1,2,1,0,16
206,DEN,11/22/17,48,0.46,0.264,20.4,0.204,0.283,0.659,0.28,17.6,0.176,0.222,HOU,2,4,0,0,-30
207,DEN,11/24/17,48,0.563,0.329,21.8,0.218,0.429,0.555,0.219,18.9,0.189,0.079,MEM,2,2,1,1,12
208,DEN,11/28/17,48,0.404,0.205,19.8,0.198,0.261,0.563,0.103,11.8,0.118,0.231,UTA,4,3,0,0,-29
209,DEN,11/30/17,48,0.53,0.373,12.3,0.123,0.244,0.591,0.256,11.4,0.114,0.154,CHI,2,2,1,1,1
210,DEN,12/2/17,48,0.529,0.322,11.7,0.117,0.205,0.494,0.244,21.2,0.212,0.362,LAL,2,3,1,1,15
211,DEN,12/4/17,48,0.495,0.253,7.5,0.075,0.288,0.64,0.198,7.3,0.073,0.128,DAL,2,2,0,0,-17
212,DEN,12/6/17,48,0.521,0.234,8.8,0.088,0.208,0.605,0.337,12.9,0.129,0.268,NOP,2,2,0,0,-9
213,DEN,12/8/17,48,0.529,0.188,13.1,0.131,0.162,0.428,0.277,15.4,0.154,0.224,ORL,2,2,1,0,14
214,DEN,12/10/17,53,0.542,0.179,20.9,0.209,0.396,0.581,0.237,10.7,0.107,0.282,IND,2,2,0,0,-10
215,DEN,12/12/17,48,0.57,0.177,17.7,0.177,0.171,0.411,0.278,21.3,0.213,0.224,DET,2,2,1,0,19
216,DET,10/18/17,48,0.474,0.125,8.9,0.089,0.17,0.459,0.397,17,0.17,0.073,CHA,0,0,1,1,12
217,DET,10/20/17,48,0.552,0.23,18.1,0.181,0.25,0.573,0.467,16.9,0.169,0.233,WAS,2,2,0,0,-4
218,DET,10/21/17,48,0.533,0.165,13.6,0.136,0.357,0.506,0.383,14.5,0.145,0.3,NYK,1,2,1,0,4
219,DET,10/23/17,48,0.424,0.224,14.2,0.142,0.18,0.527,0.32,21.3,0.213,0.211,PHI,2,2,0,1,-11
220,DET,10/25/17,48,0.603,0.185,14.6,0.146,0.286,0.488,0.247,13.8,0.138,0.167,MIN,2,1,1,1,21
221,DET,10/28/17,48,0.46,0.239,13.2,0.132,0.25,0.423,0.262,19.5,0.195,0.283,LAC,3,2,1,0,8
222,DET,10/29/17,48,0.527,0.183,14.4,0.144,0.362,0.636,0.156,26.5,0.265,0.333,GSW,1,2,1,0,8
223,DET,10/31/17,48,0.489,0.032,13.2,0.132,0.192,0.56,0.154,14,0.14,0.244,LAL,2,3,0,0,-20
224,DET,11/3/17,48,0.526,0.359,14.4,0.144,0.194,0.53,0.108,14.9,0.149,0.179,MIL,3,2,1,1,9
225,DET,11/4/17,48,0.589,0.278,15.7,0.157,0.216,0.592,0.171,18.6,0.186,0.1,SAC,1,3,1,1,9
226,DET,11/8/17,48,0.59,0.301,17.3,0.173,0.205,0.472,0.205,14.4,0.144,0.143,IND,4,1,1,1,17
227,DET,11/10/17,48,0.506,0.303,17.4,0.174,0.37,0.539,0.124,16.2,0.162,0.262,ATL,2,4,1,1,7
228,DET,11/12/17,48,0.563,0.23,13.3,0.133,0.256,0.506,0.178,9.1,0.091,0.14,MIA,2,2,1,1,9
229,DET,11/15/17,48,0.441,0.271,18.7,0.187,0.347,0.538,0.269,16.4,0.164,0.282,MIL,3,2,0,0,-4
230,DET,11/17/17,48,0.495,0.108,11.3,0.113,0.224,0.522,0.236,10.5,0.105,0.289,IND,2,2,0,0,-7
231,DET,11/19/17,48,0.518,0.241,19,0.19,0.256,0.545,0.231,20.8,0.208,0.188,MIN,2,2,1,0,3
232,DET,11/20/17,48,0.526,0.169,15.6,0.156,0.167,0.625,0.213,12,0.12,0.206,CLE,1,3,0,1,-28
233,DET,11/24/17,48,0.548,0.107,20.8,0.208,0.2,0.469,0.082,14.5,0.145,0.271,OKC,4,2,1,0,1
234,DET,11/27/17,48,0.582,0.271,8.4,0.084,0.205,0.623,0.273,17.3,0.173,0.135,BOS,3,2,1,0,10
235,DET,11/29/17,48,0.646,0.236,16.9,0.169,0.147,0.506,0.333,19.2,0.192,0.17,PHX,2,1,1,1,24
236,DET,12/1/17,48,0.5,0.241,15.3,0.153,0.108,0.522,0.213,11.9,0.119,0.364,WAS,2,2,0,0,-18
237,DET,12/2/17,48,0.494,0.41,18.3,0.183,0.189,0.465,0.372,17.8,0.178,0.37,PHI,1,2,0,0,-5
238,DET,12/4/17,48,0.459,0.282,10.1,0.101,0.146,0.512,0.146,18,0.18,0.222,SAS,2,1,0,0,-3
239,DET,12/6/17,48,0.471,0.31,12.8,0.128,0.378,0.544,0.329,13.4,0.134,0.31,MIL,2,2,0,0,-4
240,DET,12/8/17,48,0.478,0.207,13.2,0.132,0.273,0.525,0.272,14,0.14,0.128,GSW,2,2,0,1,-4
241,DET,12/10/17,48,0.393,0.226,10.9,0.109,0.212,0.487,0.228,15.2,0.152,0.205,BOS,2,2,0,1,-10
242,DET,12/12/17,48,0.411,0.278,21.3,0.213,0.224,0.57,0.177,17.7,0.177,0.171,DEN,2,2,0,1,-19
243,GSW,10/17/17,48,0.638,0.263,17,0.17,0.154,0.562,0.196,12,0.12,0.222,HOU,0,0,0,1,-1
244,GSW,10/20/17,48,0.615,0.22,16.7,0.167,0.222,0.541,0.224,17.2,0.172,0.291,NOP,3,2,1,0,8
245,GSW,10/21/17,48,0.464,0.321,16.9,0.169,0.261,0.532,0.481,13.8,0.138,0.15,MEM,1,3,0,0,-10
246,GSW,10/23/17,48,0.645,0.302,15.5,0.155,0.263,0.443,0.313,11.2,0.112,0.259,DAL,2,2,1,0,30
247,GSW,10/25/17,48,0.636,0.286,17.4,0.174,0.194,0.5,0.202,17.4,0.174,0.354,TOR,2,2,1,1,5
248,GSW,10/27/17,48,0.537,0.211,16.9,0.169,0.341,0.521,0.227,13.7,0.137,0.24,WAS,2,2,1,1,3
249,GSW,10/29/17,48,0.636,0.156,26.5,0.265,0.333,0.527,0.183,14.4,0.144,0.362,DET,2,1,0,1,-8
250,GSW,10/30/17,48,0.663,0.337,12,0.12,0.35,0.512,0.349,14.3,0.143,0.22,LAC,1,2,1,0,28
251,GSW,11/2/17,48,0.602,0.193,14.1,0.141,0.135,0.431,0.264,18.6,0.186,0.28,SAS,3,3,1,0,20
252,GSW,11/4/17,48,0.648,0.187,14.1,0.141,0.159,0.494,0.31,16.7,0.167,0.209,DEN,2,1,1,0,19
253,GSW,11/6/17,48,0.431,0.276,15.1,0.151,0.26,0.41,0.205,21.6,0.216,0.156,MIA,2,1,1,1,17
254,GSW,11/8/17,48,0.653,0.212,17.4,0.174,0.086,0.44,0.293,12.9,0.129,0.176,MIN,2,3,1,1,24
255,GSW,11/11/17,48,0.671,0.317,20.5,0.205,0.138,0.532,0.213,18.2,0.182,0.271,PHI,3,2,1,1,21
256,GSW,11/13/17,48,0.545,0.182,16.2,0.162,0.279,0.477,0.205,10.7,0.107,0.095,ORL,2,2,1,1,10
257,GSW,11/16/17,48,0.463,0.232,15.3,0.153,0.135,0.373,0.481,14.5,0.145,0.149,BOS,3,2,0,0,-4
258,GSW,11/18/17,48,0.588,0.22,12.8,0.128,0.275,0.536,0.165,10.6,0.106,0.229,PHI,2,3,1,0,8
259,GSW,11/19/17,48,0.567,0.256,13.7,0.137,0.133,0.442,0.411,11.6,0.116,0.203,BKN,1,2,1,0,7
260,GSW,11/22/17,48,0.475,0.225,21.4,0.214,0.159,0.5,0.289,16.1,0.161,0.289,OKC,3,2,0,0,-17
261,GSW,11/24/17,48,0.67,0.231,10.5,0.105,0.182,0.419,0.152,13.9,0.139,0.232,CHI,2,2,1,1,49
262,GSW,11/25/17,48,0.468,0.287,9.5,0.095,0.234,0.47,0.274,16.6,0.166,0.214,NOP,1,1,1,1,15
263,GSW,11/27/17,48,0.6,0.175,16.3,0.163,0.265,0.589,0.266,16.3,0.163,0.289,SAC,2,2,0,1,-4
264,GSW,11/29/17,53,0.564,0.298,18.9,0.189,0.308,0.542,0.263,14.7,0.147,0.159,LAL,2,2,1,0,4
265,GSW,12/1/17,48,0.693,0.125,18.1,0.181,0.241,0.516,0.188,14.2,0.142,0.271,ORL,2,2,1,0,21
266,GSW,12/3/17,48,0.625,0.286,10.3,0.103,0.233,0.494,0.21,12.6,0.126,0.128,MIA,2,2,1,0,28
267,GSW,12/4/17,48,0.609,0.31,15.3,0.153,0.122,0.582,0.165,19.5,0.195,0.239,NOP,1,2,1,0,10
268,GSW,12/6/17,48,0.542,0.155,15.5,0.155,0.186,0.381,0.175,11.7,0.117,0.264,CHA,2,2,1,0,14
269,GSW,12/8/17,48,0.525,0.272,14,0.14,0.128,0.478,0.207,13.2,0.132,0.273,DET,2,2,1,0,4
270,GSW,12/11/17,48,0.613,0.213,14.7,0.147,0.182,0.46,0.284,10.3,0.103,0.25,POR,3,2,1,1,7
271,HOU,10/17/17,48,0.562,0.196,12,0.12,0.222,0.638,0.263,17,0.17,0.154,GSW,0,0,1,0,1
272,HOU,10/18/17,48,0.47,0.349,16,0.16,0.267,0.523,0.114,17.8,0.178,0.22,SAC,1,0,1,0,5
273,HOU,10/21/17,48,0.543,0.268,15.2,0.152,0.195,0.446,0.25,14.1,0.141,0.148,DAL,3,1,1,1,16
274,HOU,10/23/17,48,0.474,0.299,18.7,0.187,0.205,0.471,0.544,12.9,0.129,0.091,MEM,2,2,0,1,-8
275,HOU,10/25/17,48,0.56,0.32,19.5,0.195,0.184,0.505,0.103,15.2,0.152,0.267,PHI,2,2,1,0,1
276,HOU,10/27/17,48,0.576,0.153,16,0.16,0.175,0.438,0.318,9.2,0.092,0.2,CHA,2,2,1,0,16
277,HOU,10/28/17,48,0.468,0.273,19.5,0.195,0.182,0.553,0.141,9.6,0.096,0.146,MEM,1,2,0,0,-14
278,HOU,10/30/17,48,0.476,0.458,14.3,0.143,0.196,0.613,0.3,20.1,0.201,0.219,PHI,2,2,0,1,-8
279,HOU,11/1/17,48,0.585,0.239,14.5,0.145,0.2,0.478,0.144,17.5,0.175,0.14,NYK,2,2,1,0,22
280,HOU,11/3/17,48,0.562,0.258,13.4,0.134,0.2,0.549,0.222,17.7,0.177,0.125,ATL,2,2,1,0,15
281,HOU,11/5/17,48,0.735,0.259,19.8,0.198,0.167,0.506,0.273,13.4,0.134,0.178,UTA,2,2,1,1,27
282,HOU,11/9/17,48,0.571,0.468,22.5,0.225,0.436,0.63,0.173,18.6,0.186,0.125,CLE,4,2,1,1,4
283,HOU,11/11/17,48,0.542,0.337,15.9,0.159,0.234,0.519,0.228,19.6,0.196,0.125,MEM,2,4,1,1,15
284,HOU,11/12/17,48,0.572,0.2,12.9,0.129,0.227,0.494,0.253,13.2,0.132,0.159,IND,1,2,1,0,23
285,HOU,11/14/17,48,0.494,0.519,18.6,0.186,0.311,0.615,0.538,13.3,0.133,0.128,TOR,2,2,0,1,-16
286,HOU,11/16/17,48,0.594,0.422,12.9,0.129,0.279,0.5,0.202,13.4,0.134,0.291,PHX,2,3,1,0,26
287,HOU,11/18/17,48,0.564,0.269,17,0.17,0.214,0.401,0.221,14.1,0.141,0.294,MEM,2,3,1,0,22
288,HOU,11/22/17,48,0.659,0.28,17.6,0.176,0.222,0.46,0.264,20.4,0.204,0.283,DEN,4,2,1,1,30
289,HOU,11/25/17,48,0.532,0.234,7.8,0.078,0.209,0.518,0.224,17.1,0.171,0.154,NYK,3,1,1,1,15
290,HOU,11/27/17,48,0.605,0.233,14.7,0.147,0.178,0.523,0.198,13.8,0.138,0.15,BKN,2,1,1,1,14
291,HOU,11/29/17,48,0.593,0.244,15.8,0.158,0.25,0.517,0.068,14.2,0.142,0.133,IND,2,2,1,1,21
292,HOU,12/3/17,48,0.578,0.189,14.2,0.142,0.171,0.435,0.357,19.6,0.196,0.234,LAL,4,1,1,0,23
293,HOU,12/7/17,48,0.58,0.296,16.9,0.169,0.222,0.513,0.351,13.3,0.133,0.095,UTA,4,2,1,0,11
294,HOU,12/9/17,48,0.6,0.56,12.2,0.122,0.212,0.614,0.136,15.6,0.156,0.2,POR,2,4,1,0,7
295,HOU,12/11/17,48,0.642,0.284,8.7,0.087,0.103,0.682,0.153,17.5,0.175,0.158,NOP,2,1,1,1,7
296,IND,10/18/17,48,0.564,0.314,12.1,0.121,0.304,0.543,0.34,17.1,0.171,0.25,BKN,0,0,1,1,9
297,IND,10/20/17,48,0.474,0.423,12.2,0.122,0.13,0.532,0.179,9,0.09,0.25,POR,2,2,0,1,-18
298,IND,10/21/17,48,0.484,0.219,10.7,0.107,0.25,0.598,0.161,13.8,0.138,0.158,MIA,1,3,0,0,-4
299,IND,10/24/17,48,0.726,0.131,18.2,0.182,0.308,0.541,0.256,13.9,0.139,0.209,MIN,3,2,1,0,23
300,IND,10/25/17,48,0.398,0.422,18.4,0.184,0.298,0.539,0.292,19.1,0.191,0.372,OKC,1,3,0,0,-18
301,IND,10/29/17,48,0.532,0.26,19.2,0.192,0.158,0.45,0.2,16.5,0.165,0.24,SAS,4,2,1,1,3
302,IND,10/31/17,48,0.494,0.259,15.7,0.157,0.28,0.432,0.159,15.1,0.151,0.204,SAC,2,2,1,1,18
303,IND,11/1/17,48,0.633,0.144,13.8,0.138,0.195,0.541,0.233,15.6,0.156,0.186,CLE,1,3,1,0,17
304,IND,11/3/17,48,0.505,0.196,11,0.11,0.174,0.598,0.152,18.8,0.188,0.273,PHI,2,2,0,0,-11
305,IND,11/5/17,48,0.544,0.215,12.7,0.127,0.105,0.534,0.216,12.5,0.125,0.286,NYK,2,2,0,0,-7
306,IND,11/7/17,48,0.522,0.194,10.9,0.109,0.256,0.586,0.253,13.2,0.132,0.268,NOP,2,3,0,1,-5
307,IND,11/8/17,48,0.472,0.205,14.4,0.144,0.143,0.59,0.301,17.3,0.173,0.205,DET,1,4,0,0,-17
308,IND,11/10/17,48,0.583,0.143,17.9,0.179,0.179,0.435,0.097,12.2,0.122,0.2,CHI,2,3,1,0,18
309,IND,11/12/17,48,0.494,0.253,13.2,0.132,0.159,0.572,0.2,12.9,0.129,0.227,HOU,2,1,0,1,-23
310,IND,11/15/17,48,0.576,0.235,11.9,0.119,0.135,0.558,0.256,14.2,0.142,0.262,MEM,3,2,1,0,3
311,IND,11/17/17,48,0.522,0.236,10.5,0.105,0.289,0.495,0.108,11.3,0.113,0.224,DET,2,2,1,1,7
312,IND,11/19/17,48,0.665,0.094,15,0.15,0.265,0.5,0.169,17.7,0.177,0.233,MIA,2,2,1,0,25
313,IND,11/20/17,48,0.461,0.326,12.2,0.122,0.17,0.494,0.274,20.9,0.209,0.216,ORL,1,2,1,0,8
314,IND,11/24/17,48,0.524,0.325,15.9,0.159,0.222,0.549,0.247,19.5,0.195,0.184,TOR,4,2,1,1,3
315,IND,11/25/17,48,0.532,0.192,21.1,0.211,0.278,0.625,0.113,15.8,0.158,0.133,BOS,1,1,0,1,-10
316,IND,11/27/17,48,0.627,0.329,16.3,0.163,0.242,0.522,0.174,14.4,0.144,0.222,ORL,2,2,1,1,12
317,IND,11/29/17,48,0.517,0.068,14.2,0.142,0.133,0.593,0.244,15.8,0.158,0.25,HOU,2,2,0,0,-21
318,IND,12/1/17,48,0.48,0.216,10.2,0.102,0.3,0.546,0.216,11.3,0.113,0.279,TOR,2,2,0,0,-5
319,IND,12/4/17,48,0.599,0.174,15.7,0.157,0.2,0.473,0.176,17.8,0.178,0.288,NYK,3,1,1,1,18
320,IND,12/6/17,48,0.517,0.115,13.3,0.133,0.167,0.53,0.193,16.8,0.168,0.256,CHI,2,2,1,1,2
321,IND,12/8/17,48,0.529,0.279,10.6,0.106,0.255,0.494,0.256,12.2,0.122,0.191,CLE,2,2,1,1,4
322,IND,12/10/17,53,0.581,0.237,10.7,0.107,0.282,0.542,0.179,20.9,0.209,0.396,DEN,2,2,1,1,10
323,LAC,10/19/17,48,0.449,0.121,13.5,0.135,0.298,0.429,0.253,18.3,0.183,0.222,LAL,0,0,1,0,16
324,LAC,10/21/17,48,0.614,0.341,11.6,0.116,0.238,0.423,0.535,19.3,0.193,0.087,PHX,2,1,1,1,42
325,LAC,10/24/17,48,0.53,0.253,13.8,0.138,0.25,0.475,0.139,19.2,0.192,0.195,UTA,3,3,1,1,18
326,LAC,10/26/17,48,0.526,0.468,13.2,0.132,0.333,0.472,0.247,10.8,0.108,0.333,POR,2,2,1,0,1
327,LAC,10/28/17,48,0.423,0.262,19.5,0.195,0.283,0.46,0.239,13.2,0.132,0.25,DET,2,3,0,1,-8
328,LAC,10/30/17,48,0.512,0.349,14.3,0.143,0.22,0.663,0.337,12,0.12,0.35,GSW,2,1,0,1,-28
329,LAC,11/1/17,48,0.609,0.372,16,0.16,0.194,0.461,0.225,13.6,0.136,0.176,DAL,2,2,1,1,21
330,LAC,11/4/17,48,0.482,0.373,13.7,0.137,0.333,0.554,0.286,12.3,0.123,0.243,MEM,3,3,0,1,-9
331,LAC,11/5/17,48,0.443,0.345,16.3,0.163,0.4,0.524,0.226,16.3,0.163,0.238,MIA,1,2,0,1,-3
332,LAC,11/7/17,48,0.579,0.207,18.5,0.185,0.263,0.625,0.226,13.8,0.138,0.275,SAS,2,2,0,0,-13
333,LAC,11/10/17,48,0.536,0.357,19,0.19,0.356,0.583,0.513,12.4,0.124,0.268,OKC,3,1,0,0,-9
334,LAC,11/11/17,48,0.465,0.314,11.8,0.118,0.157,0.575,0.3,21.8,0.218,0.216,NOP,1,2,0,0,-8
335,LAC,11/13/17,48,0.512,0.39,14.7,0.147,0.18,0.539,0.455,19.5,0.195,0.286,PHI,2,2,0,1,-4
336,LAC,11/17/17,53,0.495,0.136,13.5,0.135,0.232,0.528,0.322,13.7,0.137,0.16,CLE,4,2,0,0,-5
337,LAC,11/18/17,48,0.446,0.229,14.2,0.142,0.146,0.454,0.333,8,0.08,0.178,CHA,1,1,0,0,-15
338,LAC,11/20/17,48,0.438,0.263,21.7,0.217,0.213,0.512,0.309,22,0.22,0.35,NYK,2,3,0,0,-22
339,LAC,11/22/17,48,0.678,0.25,17.8,0.178,0.182,0.542,0.181,15.7,0.157,0.25,ATL,2,2,1,0,13
340,LAC,11/25/17,48,0.531,0.163,18.4,0.184,0.171,0.524,0.108,18.6,0.186,0.205,SAC,3,3,1,0,2
341,LAC,11/27/17,48,0.541,0.353,16.2,0.162,0.244,0.544,0.264,15.2,0.152,0.261,LAL,2,5,1,1,5
342,LAC,11/30/17,48,0.614,0.429,20.6,0.206,0.303,0.676,0.165,13.8,0.138,0.278,UTA,3,2,0,1,-19
343,LAC,12/2/17,48,0.384,0.267,11.4,0.114,0.22,0.557,0.329,18.4,0.184,0.357,DAL,2,3,0,0,-26
344,LAC,12/3/17,48,0.61,0.301,17.6,0.176,0.222,0.477,0.352,7.4,0.074,0.326,MIN,1,2,0,0,-6
345,LAC,12/6/17,48,0.495,0.152,9.2,0.092,0.309,0.591,0.256,15.3,0.153,0.235,MIN,3,2,0,1,-6
346,LAC,12/9/17,48,0.575,0.3,10.4,0.104,0.103,0.591,0.28,14.4,0.144,0.237,WAS,3,2,1,1,1
347,LAC,12/11/17,48,0.418,0.264,12.9,0.129,0.264,0.444,0.325,12.8,0.128,0.065,TOR,2,1,1,1,5
348,LAL,10/19/17,48,0.429,0.253,18.3,0.183,0.222,0.449,0.121,13.5,0.135,0.298,LAC,0,0,0,1,-16
349,LAL,10/20/17,48,0.581,0.355,15.6,0.156,0.111,0.565,0.413,16.8,0.168,0.213,PHX,1,2,1,0,2
350,LAL,10/22/17,48,0.539,0.222,15.9,0.159,0.2,0.627,0.253,17.3,0.173,0.171,NOP,2,2,0,1,-7
351,LAL,10/25/17,53,0.484,0.174,19.1,0.191,0.136,0.442,0.242,13.3,0.133,0.13,WAS,3,2,1,1,3
352,LAL,10/27/17,48,0.475,0.304,20.7,0.207,0.225,0.468,0.215,13.1,0.131,0.184,TOR,2,2,0,1,-9
353,LAL,10/28/17,48,0.414,0.247,17.4,0.174,0.286,0.551,0.165,24.5,0.245,0.359,UTA,1,3,0,0,-15
354,LAL,10/31/17,48,0.56,0.154,14,0.14,0.244,0.489,0.032,13.2,0.132,0.192,DET,3,2,1,1,20
355,LAL,11/2/17,48,0.57,0.342,11,0.11,0.061,0.517,0.314,12,0.12,0.25,POR,2,1,0,0,-3
356,LAL,11/3/17,48,0.559,0.287,13.9,0.139,0.167,0.456,0.418,13.8,0.138,0.138,BKN,1,3,1,1,12
357,LAL,11/5/17,48,0.524,0.271,17.9,0.179,0.195,0.523,0.161,12.1,0.121,0.136,MEM,2,1,1,1,5
358,LAL,11/8/17,48,0.465,0.271,20.2,0.202,0.273,0.423,0.316,12.8,0.128,0.308,BOS,3,2,0,0,-11
359,LAL,11/9/17,48,0.378,0.477,17.9,0.179,0.309,0.56,0.241,20.6,0.206,0.194,WAS,1,2,0,0,-16
360,LAL,11/11/17,48,0.459,0.5,21.8,0.218,0.195,0.447,0.306,15.5,0.155,0.184,MIL,2,1,0,0,-8
361,LAL,11/13/17,48,0.5,0.141,15.3,0.153,0.173,0.426,0.211,15.5,0.155,0.2,PHX,2,2,1,0,7
362,LAL,11/15/17,48,0.399,0.248,8.3,0.083,0.333,0.529,0.349,14.9,0.149,0.186,PHI,2,2,0,1,-6
363,LAL,11/17/17,48,0.533,0.264,17,0.17,0.205,0.529,0.184,12,0.12,0.184,PHX,2,1,0,1,-9
364,LAL,11/19/17,48,0.59,0.16,13.8,0.138,0.302,0.506,0.417,20.3,0.203,0.34,DEN,2,2,1,1,18
365,LAL,11/21/17,48,0.472,0.278,13.6,0.136,0.235,0.441,0.17,14,0.14,0.268,CHI,2,2,1,1,9
366,LAL,11/22/17,48,0.596,0.192,17.4,0.174,0.105,0.612,0.165,17.3,0.173,0.263,SAC,1,2,0,0,-11
367,LAL,11/27/17,48,0.544,0.264,15.2,0.152,0.261,0.541,0.353,16.2,0.162,0.244,LAC,5,2,0,0,-5
368,LAL,11/29/17,53,0.542,0.263,14.7,0.147,0.159,0.564,0.298,18.9,0.189,0.308,GSW,2,2,0,1,-4
369,LAL,12/2/17,48,0.494,0.244,21.2,0.212,0.362,0.529,0.322,11.7,0.117,0.205,DEN,3,2,0,0,-15
370,LAL,12/3/17,48,0.435,0.357,19.6,0.196,0.234,0.578,0.189,14.2,0.142,0.171,HOU,1,4,0,1,-23
371,LAL,12/7/17,48,0.495,0.25,11.6,0.116,0.288,0.543,0.259,17.8,0.178,0.194,PHI,4,3,1,0,3
372,LAL,12/9/17,48,0.559,0.247,13.7,0.137,0.15,0.484,0.151,10.9,0.109,0.184,CHA,2,1,1,0,11
373,LAL,12/12/17,53,0.475,0.147,15.3,0.153,0.37,0.52,0.109,13.4,0.134,0.319,NYK,3,2,0,0,-4
374,MEM,10/18/17,48,0.473,0.304,11.8,0.118,0.3,0.424,0.367,20.1,0.201,0.348,NOP,0,0,1,1,12
375,MEM,10/21/17,48,0.532,0.481,13.8,0.138,0.15,0.464,0.321,16.9,0.169,0.261,GSW,3,1,1,1,10
376,MEM,10/23/17,48,0.471,0.544,12.9,0.129,0.091,0.474,0.299,18.7,0.187,0.205,HOU,2,2,1,0,8
377,MEM,10/25/17,48,0.542,0.333,19,0.19,0.162,0.561,0.392,11.7,0.117,0.118,DAL,2,2,0,0,-9
378,MEM,10/26/17,48,0.479,0.411,18.9,0.189,0.205,0.394,0.213,14.2,0.142,0.327,DAL,1,1,1,1,5
379,MEM,10/28/17,48,0.553,0.141,9.6,0.096,0.146,0.468,0.273,19.5,0.195,0.182,HOU,2,1,1,1,14
380,MEM,10/30/17,48,0.387,0.355,6.8,0.068,0.193,0.455,0.326,11.6,0.116,0.213,CHA,2,1,0,1,-5
381,MEM,11/1/17,48,0.537,0.195,15.1,0.151,0.135,0.593,0.187,24.2,0.242,0.188,ORL,2,2,0,1,-2
382,MEM,11/4/17,48,0.554,0.286,12.3,0.123,0.243,0.482,0.373,13.7,0.137,0.333,LAC,3,3,1,0,9
383,MEM,11/5/17,48,0.523,0.161,12.1,0.121,0.136,0.524,0.271,17.9,0.179,0.195,LAL,1,2,0,0,-5
384,MEM,11/7/17,48,0.527,0.342,16,0.16,0.135,0.481,0.247,16.7,0.167,0.256,POR,2,2,1,0,1
385,MEM,11/11/17,48,0.519,0.228,19.6,0.196,0.125,0.542,0.337,15.9,0.159,0.234,HOU,4,2,0,0,-15
386,MEM,11/13/17,48,0.559,0.276,16.3,0.163,0.235,0.561,0.305,11.7,0.117,0.256,MIL,2,2,0,0,-7
387,MEM,11/15/17,48,0.558,0.256,14.2,0.142,0.262,0.576,0.235,11.9,0.119,0.135,IND,2,3,0,1,-3
388,MEM,11/18/17,48,0.401,0.221,14.1,0.141,0.294,0.564,0.269,17,0.17,0.214,HOU,3,2,0,1,-22
389,MEM,11/20/17,48,0.43,0.267,8.1,0.081,0.1,0.434,0.386,17.2,0.172,0.333,POR,2,2,0,1,-8
390,MEM,11/22/17,48,0.5,0.173,17.3,0.173,0.143,0.478,0.176,7.8,0.078,0.08,DAL,2,2,0,1,-1
391,MEM,11/24/17,48,0.555,0.219,18.9,0.189,0.079,0.563,0.329,21.8,0.218,0.429,DEN,2,2,0,0,-12
392,MEM,11/26/17,48,0.45,0.225,15.4,0.154,0.262,0.534,0.311,20.9,0.209,0.333,BKN,2,2,0,1,-10
393,MEM,11/29/17,48,0.526,0.208,18.9,0.189,0.289,0.56,0.32,13,0.13,0.161,SAS,3,2,0,0,-9
394,MEM,12/1/17,48,0.439,0.243,17.8,0.178,0.182,0.521,0.457,16.3,0.163,0.189,SAS,2,2,0,1,-16
395,MEM,12/2/17,48,0.589,0.167,13.4,0.134,0.167,0.633,0.307,11.6,0.116,0.032,CLE,1,2,0,0,-5
396,MEM,12/4/17,48,0.514,0.333,17.3,0.173,0.182,0.468,0.241,10.1,0.101,0.167,MIN,2,1,1,1,3
397,MEM,12/6/17,48,0.5,0.314,16.5,0.165,0.111,0.59,0.403,20.7,0.207,0.303,NYK,2,2,0,0,-11
398,MEM,12/8/17,48,0.555,0.268,17.4,0.174,0.297,0.558,0.423,11.8,0.118,0.294,TOR,2,3,0,1,-9
399,MEM,12/9/17,53,0.517,0.193,15.4,0.154,0.302,0.457,0.337,10,0.1,0.314,OKC,1,2,0,1,-1
400,MEM,12/11/17,48,0.444,0.375,16.1,0.161,0.154,0.667,0.364,15.8,0.158,0.074,MIA,2,2,0,1,-25
401,MIA,10/18/17,48,0.471,0.167,11.7,0.117,0.216,0.522,0.322,14.1,0.141,0.25,ORL,0,0,0,0,-7
402,MIA,10/21/17,48,0.598,0.161,13.8,0.138,0.158,0.484,0.219,10.7,0.107,0.25,IND,3,1,1,1,4
403,MIA,10/23/17,48,0.541,0.212,18.6,0.186,0.222,0.52,0.237,21.2,0.212,0.162,ATL,2,1,1,1,11
404,MIA,10/25/17,48,0.519,0.225,9.7,0.097,0.1,0.618,0.395,13.8,0.138,0.222,SAS,2,2,0,1,-17
405,MIA,10/28/17,48,0.475,0.203,19.2,0.192,0.167,0.457,0.321,12.8,0.128,0.244,BOS,3,2,0,1,-6
406,MIA,10/30/17,53,0.565,0.269,21.2,0.212,0.333,0.511,0.385,14.2,0.142,0.222,MIN,2,3,0,1,-3
407,MIA,11/1/17,48,0.482,0.229,11.1,0.111,0.06,0.444,0.213,11.7,0.117,0.135,CHI,2,4,1,1,6
408,MIA,11/3/17,48,0.565,0.143,23.8,0.238,0.222,0.506,0.313,17.9,0.179,0.283,DEN,2,2,0,0,-1
409,MIA,11/5/17,48,0.524,0.226,16.3,0.163,0.238,0.443,0.345,16.3,0.163,0.4,LAC,2,1,1,0,3
410,MIA,11/6/17,48,0.41,0.205,21.6,0.216,0.156,0.431,0.276,15.1,0.151,0.26,GSW,1,2,0,0,-17
411,MIA,11/8/17,48,0.605,0.432,14.9,0.149,0.282,0.523,0.341,10.4,0.104,0.125,PHX,2,2,1,0,11
412,MIA,11/10/17,48,0.455,0.234,21.2,0.212,0.163,0.372,0.297,18.4,0.184,0.089,UTA,2,3,1,0,10
413,MIA,11/12/17,48,0.506,0.178,9.1,0.091,0.14,0.563,0.23,13.3,0.133,0.256,DET,2,2,0,0,-9
414,MIA,11/15/17,48,0.494,0.244,18.6,0.186,0.293,0.468,0.397,13,0.13,0.268,WAS,3,2,0,1,-9
415,MIA,11/17/17,48,0.47,0.217,15.6,0.156,0.204,0.44,0.19,12.5,0.125,0.143,WAS,2,2,1,0,3
416,MIA,11/19/17,48,0.5,0.169,17.7,0.177,0.233,0.665,0.094,15,0.15,0.265,IND,2,2,0,1,-25
417,MIA,11/22/17,48,0.556,0.198,16.5,0.165,0.189,0.47,0.321,11,0.11,0.146,BOS,3,2,1,1,6
418,MIA,11/24/17,48,0.594,0.2,15.2,0.152,0.225,0.482,0.31,10.8,0.108,0.283,MIN,2,2,1,0,12
419,MIA,11/26/17,48,0.54,0.307,13.4,0.134,0.024,0.449,0.18,14.4,0.144,0.137,CHI,2,2,1,0,7
420,MIA,11/28/17,48,0.5,0.238,15,0.15,0.167,0.562,0.284,14,0.14,0.128,CLE,2,1,0,0,-11
421,MIA,11/29/17,48,0.44,0.238,15.2,0.152,0.17,0.637,0.356,20.7,0.207,0.267,NYK,1,2,0,0,-29
422,MIA,12/1/17,48,0.575,0.263,21.5,0.215,0.231,0.513,0.266,21.9,0.219,0.25,CHA,2,2,1,1,5
423,MIA,12/3/17,48,0.494,0.21,12.6,0.126,0.128,0.625,0.286,10.3,0.103,0.233,GSW,2,2,0,1,-28
424,MIA,12/6/17,48,0.667,0.167,21,0.21,0.2,0.603,0.161,11.7,0.117,0.303,SAS,3,2,0,0,-12
425,MIA,12/9/17,48,0.511,0.156,6.4,0.064,0.186,0.451,0.235,14.7,0.147,0.182,BKN,3,2,1,0,12
426,MIA,12/11/17,48,0.667,0.364,15.8,0.158,0.074,0.444,0.375,16.1,0.161,0.154,MEM,2,2,1,0,25
427,MIL,10/18/17,48,0.546,0.395,15.3,0.153,0.158,0.489,0.231,14.4,0.144,0.22,BOS,0,1,1,0,8
428,MIL,10/20/17,48,0.53,0.146,15.9,0.159,0.186,0.611,0.21,18.5,0.185,0.29,CLE,2,3,0,1,-19
429,MIL,10/21/17,48,0.569,0.375,14,0.14,0.194,0.488,0.432,16.1,0.161,0.317,POR,1,1,1,1,3
430,MIL,10/23/17,48,0.524,0.188,13,0.13,0.116,0.468,0.462,14.3,0.143,0.213,CHA,2,3,1,1,9
431,MIL,10/26/17,48,0.526,0.182,18.2,0.182,0.049,0.494,0.282,16.4,0.164,0.146,BOS,3,2,0,1,-7
432,MIL,10/29/17,48,0.623,0.259,14.1,0.141,0.152,0.552,0.338,15.8,0.158,0.073,ATL,3,2,1,0,11
433,MIL,10/31/17,48,0.474,0.286,15.4,0.154,0.098,0.568,0.259,16.5,0.165,0.25,OKC,2,3,0,1,-19
434,MIL,11/1/17,48,0.599,0.165,13.6,0.136,0.209,0.619,0.345,10.9,0.109,0.184,CHA,1,2,0,0,-5
435,MIL,11/3/17,48,0.53,0.108,14.9,0.149,0.179,0.526,0.359,14.4,0.144,0.194,DET,2,3,0,0,-9
436,MIL,11/7/17,48,0.645,0.193,16.3,0.163,0.229,0.555,0.463,13,0.13,0.3,CLE,4,2,0,0,-5
437,MIL,11/10/17,48,0.489,0.157,14.3,0.143,0.244,0.481,0.138,19.2,0.192,0.2,SAS,3,3,1,0,7
438,MIL,11/11/17,48,0.447,0.306,15.5,0.155,0.184,0.459,0.5,21.8,0.218,0.195,LAL,1,2,1,1,8
439,MIL,11/13/17,48,0.561,0.305,11.7,0.117,0.256,0.559,0.276,16.3,0.163,0.235,MEM,2,2,1,1,7
440,MIL,11/15/17,48,0.538,0.269,16.4,0.164,0.282,0.441,0.271,18.7,0.187,0.347,DET,2,3,1,1,4
441,MIL,11/18/17,48,0.419,0.419,14,0.14,0.16,0.601,0.241,18.3,0.183,0.189,DAL,3,1,0,0,-32
442,MIL,11/20/17,48,0.468,0.241,10.9,0.109,0.136,0.588,0.23,19.7,0.197,0.229,WAS,2,1,0,1,-11
443,MIL,11/22/17,53,0.474,0.32,13.3,0.133,0.255,0.435,0.355,25.3,0.253,0.431,PHX,2,3,1,0,6
444,MIL,11/25/17,48,0.584,0.299,17.7,0.177,0.242,0.679,0.235,10.6,0.106,0.135,UTA,3,3,0,0,-13
445,MIL,11/28/17,48,0.655,0.437,12.5,0.125,0.031,0.435,0.377,18.2,0.182,0.196,SAC,3,1,1,0,25
446,MIL,11/30/17,48,0.517,0.172,10.1,0.101,0.111,0.458,0.205,19.1,0.191,0.25,POR,2,3,1,0,12
447,MIL,12/2/17,48,0.536,0.609,16,0.16,0.25,0.552,0.273,17.5,0.175,0.182,SAC,2,1,1,1,5
448,MIL,12/4/17,48,0.506,0.308,10.5,0.105,0.075,0.615,0.244,16.1,0.161,0.242,BOS,2,2,0,0,-11
449,MIL,12/6/17,48,0.544,0.329,13.4,0.134,0.31,0.471,0.31,12.8,0.128,0.378,DET,2,2,1,1,4
450,MIL,12/8/17,48,0.506,0.43,10.3,0.103,0.179,0.533,0.347,12.7,0.127,0.108,DAL,2,2,1,1,7
451,MIL,12/9/17,48,0.586,0.321,11.5,0.115,0.235,0.487,0.487,16.1,0.161,0.214,UTA,1,2,1,1,17
452,MIN,10/18/17,48,0.482,0.271,13.4,0.134,0.224,0.506,0.213,11.4,0.114,0.279,SAS,0,0,0,0,-8
453,MIN,10/20/17,48,0.488,0.321,16.3,0.163,0.244,0.539,0.221,19.7,0.197,0.171,UTA,2,2,1,1,3
454,MIN,10/22/17,48,0.558,0.267,17.3,0.173,0.27,0.536,0.167,10.5,0.105,0.205,OKC,2,1,1,0,2
455,MIN,10/24/17,48,0.541,0.256,13.9,0.139,0.209,0.726,0.131,18.2,0.182,0.308,IND,2,3,0,1,-23
456,MIN,10/25/17,48,0.488,0.247,13.8,0.138,0.167,0.603,0.185,14.6,0.146,0.286,DET,1,2,0,0,-21
457,MIN,10/27/17,48,0.535,0.407,15.9,0.159,0.415,0.547,0.291,14,0.14,0.289,OKC,2,2,1,1,3
458,MIN,10/30/17,53,0.511,0.385,14.2,0.142,0.222,0.565,0.269,21.2,0.212,0.333,MIA,3,2,1,0,3
459,MIN,11/1/17,48,0.53,0.289,21,0.21,0.275,0.476,0.25,18.4,0.184,0.2,NOP,2,2,1,0,6
460,MIN,11/4/17,48,0.608,0.253,19.6,0.196,0.294,0.517,0.138,15,0.15,0.156,DAL,3,1,1,1,13
461,MIN,11/5/17,48,0.518,0.361,16,0.16,0.286,0.466,0.236,11.1,0.111,0.192,CHA,1,2,1,1,18
462,MIN,11/8/17,48,0.44,0.293,12.9,0.129,0.176,0.653,0.212,17.4,0.174,0.086,GSW,3,2,0,0,-24
463,MIN,11/11/17,48,0.427,0.365,10.6,0.106,0.328,0.593,0.279,16.7,0.167,0.2,PHX,3,1,0,0,-8
464,MIN,11/13/17,48,0.592,0.408,17.8,0.178,0.179,0.524,0.131,15.7,0.157,0.186,UTA,2,2,1,0,11
465,MIN,11/15/17,48,0.5,0.184,7.8,0.078,0.256,0.462,0.19,18.1,0.181,0.302,SAS,2,1,1,1,12
466,MIN,11/17/17,48,0.542,0.274,10.7,0.107,0.268,0.419,0.198,11.8,0.118,0.229,DAL,2,3,1,0,24
467,MIN,11/19/17,48,0.545,0.231,20.8,0.208,0.188,0.518,0.241,19,0.19,0.256,DET,2,2,0,1,-3
468,MIN,11/20/17,48,0.444,0.289,10.7,0.107,0.196,0.559,0.341,16.4,0.164,0.282,CHA,1,2,0,0,-16
469,MIN,11/22/17,48,0.506,0.517,7.6,0.076,0.213,0.571,0.242,13.8,0.138,0.179,ORL,2,2,1,1,6
470,MIN,11/24/17,48,0.482,0.31,10.8,0.108,0.283,0.594,0.2,15.2,0.152,0.225,MIA,2,2,0,1,-12
471,MIN,11/26/17,48,0.575,0.183,14.7,0.147,0.422,0.582,0.141,16.8,0.168,0.275,PHX,2,2,1,1,11
472,MIN,11/28/17,48,0.471,0.165,11.3,0.113,0.271,0.494,0.205,7.9,0.079,0.2,WAS,2,3,0,1,-3
473,MIN,11/29/17,48,0.636,0.235,18.5,0.185,0.333,0.548,0.131,17.4,0.174,0.19,NOP,1,4,1,0,18
474,MIN,12/1/17,48,0.592,0.276,17.7,0.177,0.171,0.57,0.278,20.1,0.201,0.394,OKC,2,2,0,0,-4
475,MIN,12/3/17,48,0.477,0.352,7.4,0.074,0.326,0.61,0.301,17.6,0.176,0.222,LAC,2,1,1,1,6
476,MIN,12/4/17,48,0.468,0.241,10.1,0.101,0.167,0.514,0.333,17.3,0.173,0.182,MEM,1,2,0,0,-3
477,MIN,12/6/17,48,0.591,0.256,15.3,0.153,0.235,0.495,0.152,9.2,0.092,0.309,LAC,2,3,1,0,6
478,MIN,12/10/17,48,0.549,0.319,19.8,0.198,0.25,0.525,0.111,12.2,0.122,0.143,DAL,4,2,1,1,5
479,NOP,10/18/17,48,0.424,0.367,20.1,0.201,0.348,0.473,0.304,11.8,0.118,0.3,MEM,0,0,0,0,-12
480,NOP,10/20/17,48,0.541,0.224,17.2,0.172,0.291,0.615,0.22,16.7,0.167,0.222,GSW,2,3,0,1,-8
481,NOP,10/22/17,48,0.627,0.253,17.3,0.173,0.171,0.539,0.222,15.9,0.159,0.2,LAL,2,2,1,0,7
482,NOP,10/24/17,48,0.454,0.421,16.5,0.165,0.082,0.432,0.375,18.4,0.184,0.321,POR,2,3,0,0,-10
483,NOP,10/26/17,48,0.564,0.267,14.8,0.148,0.256,0.512,0.309,13,0.13,0.119,SAC,2,3,1,0,8
484,NOP,10/28/17,48,0.584,0.168,10.7,0.107,0.238,0.538,0.295,17.8,0.178,0.119,CLE,2,3,1,1,22
485,NOP,10/30/17,48,0.5,0.212,19.2,0.192,0.196,0.6,0.212,16.4,0.164,0.15,ORL,2,1,0,1,-16
486,NOP,11/1/17,48,0.476,0.25,18.4,0.184,0.2,0.53,0.289,21,0.21,0.275,MIN,2,2,0,1,-6
487,NOP,11/3/17,48,0.444,0.292,13.3,0.133,0.191,0.438,0.25,14.5,0.145,0.17,DAL,2,2,1,0,5
488,NOP,11/4/17,53,0.454,0.253,14.1,0.141,0.106,0.409,0.121,17.7,0.177,0.254,CHI,1,1,1,0,6
489,NOP,11/7/17,48,0.586,0.253,13.2,0.132,0.268,0.522,0.194,10.9,0.109,0.256,IND,3,2,1,0,5
490,NOP,11/9/17,48,0.616,0.305,13.6,0.136,0.095,0.541,0.235,10.9,0.109,0.227,TOR,2,2,0,0,-4
491,NOP,11/11/17,48,0.575,0.3,21.8,0.218,0.216,0.465,0.314,11.8,0.118,0.157,LAC,2,1,1,1,8
492,NOP,11/13/17,48,0.633,0.227,20.1,0.201,0.212,0.557,0.103,16.5,0.165,0.244,ATL,2,2,1,1,1
493,NOP,11/15/17,48,0.56,0.154,13.8,0.138,0.244,0.697,0.263,21,0.21,0.214,TOR,2,1,0,1,-9
494,NOP,11/17/17,48,0.593,0.11,12.9,0.129,0.186,0.73,0.236,15,0.15,0.382,DEN,2,4,0,0,-32
495,NOP,11/20/17,48,0.556,0.4,17.9,0.179,0.184,0.489,0.292,13.3,0.133,0.176,OKC,3,3,1,1,7
496,NOP,11/22/17,48,0.525,0.296,15.9,0.159,0.184,0.432,0.17,15.6,0.156,0.174,SAS,2,2,1,1,17
497,NOP,11/24/17,48,0.544,0.242,15.4,0.154,0.283,0.404,0.191,16.4,0.164,0.294,PHX,2,2,1,0,24
498,NOP,11/25/17,48,0.47,0.274,16.6,0.166,0.214,0.468,0.287,9.5,0.095,0.234,GSW,1,1,0,0,-15
499,NOP,11/29/17,48,0.548,0.131,17.4,0.174,0.19,0.636,0.235,18.5,0.185,0.333,MIN,4,1,0,1,-18
500,NOP,12/1/17,48,0.569,0.172,10.2,0.102,0.136,0.565,0.294,9.3,0.093,0.182,UTA,2,1,0,0,-6
501,NOP,12/2/17,48,0.61,0.291,11.4,0.114,0.103,0.5,0.105,4.7,0.047,0.17,POR,1,2,1,0,7
502,NOP,12/4/17,48,0.582,0.165,19.5,0.195,0.239,0.609,0.31,15.3,0.153,0.122,GSW,2,1,0,1,-10
503,NOP,12/6/17,48,0.605,0.337,12.9,0.129,0.268,0.521,0.234,8.8,0.088,0.208,DEN,2,2,1,1,9
504,NOP,12/8/17,53,0.517,0.213,15.8,0.158,0.167,0.552,0.144,17.8,0.178,0.282,SAC,2,2,0,1,-7
505,NOP,12/10/17,48,0.669,0.4,14.4,0.144,0.167,0.505,0.313,16.3,0.163,0.44,PHI,2,1,1,1,7
506,NOP,12/11/17,48,0.682,0.153,17.5,0.175,0.158,0.642,0.284,8.7,0.087,0.103,HOU,1,2,0,0,-7
507,NYK,10/19/17,48,0.449,0.253,25.3,0.253,0.282,0.494,0.244,18.7,0.187,0.302,OKC,0,0,0,0,-21
508,NYK,10/21/17,48,0.506,0.383,14.5,0.145,0.3,0.533,0.165,13.6,0.136,0.357,DET,2,1,0,1,-4
509,NYK,10/24/17,48,0.429,0.294,14.1,0.141,0.234,0.587,0.36,14.6,0.146,0.135,BOS,3,4,0,0,-21
510,NYK,10/27/17,48,0.495,0.173,12.2,0.122,0.388,0.473,0.28,16.8,0.168,0.122,BKN,3,2,1,1,21
511,NYK,10/29/17,48,0.545,0.236,13.8,0.138,0.244,0.444,0.333,14.9,0.149,0.149,CLE,2,1,1,0,19
512,NYK,10/30/17,48,0.579,0.28,22.1,0.221,0.324,0.518,0.365,13.2,0.132,0.255,DEN,1,1,1,1,6
513,NYK,11/1/17,48,0.478,0.144,17.5,0.175,0.14,0.585,0.239,14.5,0.145,0.2,HOU,2,2,0,1,-22
514,NYK,11/3/17,48,0.563,0.287,12.7,0.127,0.25,0.397,0.381,9.7,0.097,0.333,PHX,2,2,1,1,13
515,NYK,11/5/17,48,0.534,0.216,12.5,0.125,0.286,0.544,0.215,12.7,0.127,0.105,IND,2,2,1,1,7
516,NYK,11/7/17,48,0.68,0.28,17,0.17,0.207,0.544,0.187,13.8,0.138,0.37,CHA,2,2,1,1,5
517,NYK,11/8/17,48,0.556,0.163,23.8,0.238,0.343,0.619,0.275,13.4,0.134,0.167,ORL,1,3,0,0,-13
518,NYK,11/11/17,48,0.589,0.167,11,0.11,0.205,0.419,0.375,13.7,0.137,0.256,SAC,3,2,1,1,27
519,NYK,11/13/17,48,0.477,0.25,16.7,0.167,0.277,0.489,0.25,20.1,0.201,0.28,CLE,2,2,0,1,-3
520,NYK,11/15/17,48,0.525,0.309,12.1,0.121,0.3,0.538,0.215,15.3,0.153,0.214,UTA,2,2,1,1,5
521,NYK,11/17/17,48,0.379,0.187,10.6,0.106,0.275,0.622,0.141,13.1,0.131,0.094,TOR,2,2,0,0,-23
522,NYK,11/20/17,48,0.512,0.309,22,0.22,0.35,0.438,0.263,21.7,0.217,0.213,LAC,3,2,1,1,22
523,NYK,11/22/17,48,0.505,0.183,12.1,0.121,0.302,0.506,0.207,15.3,0.153,0.261,TOR,2,3,1,1,8
524,NYK,11/24/17,48,0.59,0.179,20.2,0.202,0.156,0.54,0.121,9.9,0.099,0.283,ATL,2,2,0,0,-12
525,NYK,11/25/17,48,0.518,0.224,17.1,0.171,0.154,0.532,0.234,7.8,0.078,0.209,HOU,1,3,0,0,-15
526,NYK,11/27/17,48,0.426,0.25,13.4,0.134,0.259,0.488,0.313,11.8,0.118,0.119,POR,2,2,0,1,-12
527,NYK,11/29/17,48,0.637,0.356,20.7,0.207,0.267,0.44,0.238,15.2,0.152,0.17,MIA,2,1,1,1,29
528,NYK,12/3/17,48,0.489,0.108,13.8,0.138,0.227,0.488,0.354,12.2,0.122,0.186,ORL,4,2,0,1,-5
529,NYK,12/4/17,48,0.473,0.176,17.8,0.178,0.288,0.599,0.174,15.7,0.157,0.2,IND,1,3,0,0,-18
530,NYK,12/6/17,48,0.59,0.403,20.7,0.207,0.303,0.5,0.314,16.5,0.165,0.111,MEM,2,2,1,1,11
531,NYK,12/9/17,48,0.511,0.099,14.7,0.147,0.2,0.555,0.28,15.1,0.151,0.2,CHI,3,1,0,0,-2
532,NYK,12/10/17,48,0.519,0.425,11.9,0.119,0.171,0.539,0.39,16.8,0.168,0.182,ATL,1,1,1,1,4
533,NYK,12/12/17,53,0.52,0.109,13.4,0.134,0.319,0.475,0.147,15.3,0.153,0.37,LAL,2,3,1,1,4
534,OKC,10/19/17,48,0.494,0.244,18.7,0.187,0.302,0.449,0.253,25.3,0.253,0.282,NYK,0,0,1,1,21
535,OKC,10/21/17,48,0.481,0.244,17.8,0.178,0.19,0.552,0.182,20,0.2,0.189,UTA,2,1,0,0,-9
536,OKC,10/22/17,48,0.536,0.167,10.5,0.105,0.205,0.558,0.267,17.3,0.173,0.27,MIN,1,2,0,1,-2
537,OKC,10/25/17,48,0.539,0.292,19.1,0.191,0.372,0.398,0.422,18.4,0.184,0.298,IND,3,1,1,1,18
538,OKC,10/27/17,48,0.547,0.291,14,0.14,0.289,0.535,0.407,15.9,0.159,0.415,MIN,2,2,0,0,-3
539,OKC,10/28/17,48,0.517,0.159,12.6,0.126,0.239,0.346,0.256,21.1,0.211,0.226,CHI,1,2,1,0,32
540,OKC,10/31/17,48,0.568,0.259,16.5,0.165,0.25,0.474,0.286,15.4,0.154,0.098,MIL,3,2,1,0,19
541,OKC,11/3/17,48,0.477,0.161,12.7,0.127,0.224,0.506,0.286,11.6,0.116,0.229,BOS,3,2,0,1,-7
542,OKC,11/5/17,48,0.511,0.169,12.7,0.127,0.14,0.547,0.378,22.5,0.225,0.212,POR,2,3,0,0,-4
543,OKC,11/7/17,48,0.395,0.267,16.3,0.163,0.176,0.525,0.152,22.5,0.225,0.125,SAC,2,3,0,0,-8
544,OKC,11/9/17,48,0.483,0.156,18.7,0.187,0.367,0.518,0.268,19.7,0.197,0.35,DEN,2,2,0,0,-8
545,OKC,11/10/17,48,0.583,0.513,12.4,0.124,0.268,0.536,0.357,19,0.19,0.356,LAC,1,3,1,1,9
546,OKC,11/12/17,48,0.604,0.458,16.9,0.169,0.091,0.489,0.207,19.2,0.192,0.244,DAL,2,1,1,1,13
547,OKC,11/15/17,48,0.417,0.514,15.3,0.153,0.256,0.42,0.267,17.9,0.179,0.14,CHI,3,4,1,1,13
548,OKC,11/17/17,48,0.489,0.236,9.6,0.096,0.289,0.532,0.364,14.4,0.144,0.3,SAS,2,2,0,0,-3
549,OKC,11/20/17,48,0.489,0.292,13.3,0.133,0.176,0.556,0.4,17.9,0.179,0.184,NOP,3,3,0,0,-7
550,OKC,11/22/17,48,0.5,0.289,16.1,0.161,0.289,0.475,0.225,21.4,0.214,0.159,GSW,2,3,1,1,17
551,OKC,11/24/17,48,0.469,0.082,14.5,0.145,0.271,0.548,0.107,20.8,0.208,0.2,DET,2,4,0,1,-1
552,OKC,11/25/17,48,0.444,0.163,17.9,0.179,0.186,0.593,0.147,19.1,0.191,0.205,DAL,1,3,0,0,-16
553,OKC,11/29/17,48,0.458,0.313,12.8,0.128,0.375,0.678,0.342,14.1,0.141,0.069,ORL,4,2,0,0,-13
554,OKC,12/1/17,48,0.57,0.278,20.1,0.201,0.394,0.592,0.276,17.7,0.177,0.171,MIN,2,2,1,1,4
555,OKC,12/3/17,48,0.46,0.241,19.8,0.198,0.326,0.461,0.303,17.9,0.179,0.2,SAS,2,2,1,1,3
556,OKC,12/5/17,48,0.506,0.321,19.1,0.191,0.316,0.5,0.266,18.5,0.185,0.209,UTA,2,1,1,1,6
557,OKC,12/7/17,48,0.423,0.235,11.6,0.116,0.288,0.506,0.375,15.7,0.157,0.159,BKN,2,3,0,0,-5
558,OKC,12/9/17,53,0.457,0.337,10,0.1,0.314,0.517,0.193,15.4,0.154,0.302,MEM,2,1,1,0,1
559,OKC,12/11/17,48,0.465,0.294,15,0.15,0.256,0.611,0.296,15.4,0.154,0.243,CHA,2,2,0,1,-13
560,ORL,10/18/17,48,0.522,0.322,14.1,0.141,0.25,0.471,0.167,11.7,0.117,0.216,MIA,0,0,1,1,7
561,ORL,10/20/17,48,0.607,0.169,20.3,0.203,0.214,0.549,0.38,16.3,0.163,0.326,BKN,2,2,0,0,-5
562,ORL,10/21/17,48,0.539,0.222,12.1,0.121,0.267,0.424,0.314,15.6,0.156,0.224,CLE,1,1,1,0,21
563,ORL,10/24/17,48,0.542,0.482,10.4,0.104,0.146,0.474,0.354,14.2,0.142,0.269,BKN,3,2,1,1,4
564,ORL,10/27/17,48,0.637,0.167,18.4,0.184,0.158,0.36,0.303,17.7,0.177,0.304,SAS,3,2,1,1,27
565,ORL,10/29/17,48,0.479,0.268,10,0.1,0.161,0.577,0.175,15.5,0.155,0.286,CHA,2,2,0,0,-7
566,ORL,10/30/17,48,0.6,0.212,16.4,0.164,0.15,0.5,0.212,19.2,0.192,0.196,NOP,1,2,1,0,16
567,ORL,11/1/17,48,0.593,0.187,24.2,0.242,0.188,0.537,0.195,15.1,0.151,0.135,MEM,2,2,1,0,2
568,ORL,11/3/17,48,0.465,0.058,16.5,0.165,0.152,0.553,0.141,17.3,0.173,0.225,CHI,2,2,0,1,-22
569,ORL,11/5/17,48,0.396,0.198,12.8,0.128,0.182,0.5,0.225,13.6,0.136,0.205,BOS,2,2,0,1,-16
570,ORL,11/8/17,48,0.619,0.275,13.4,0.134,0.167,0.556,0.163,23.8,0.238,0.343,NYK,3,1,1,1,13
571,ORL,11/10/17,48,0.604,0.524,16.1,0.161,0.2,0.495,0.266,13.9,0.139,0.245,PHX,2,2,1,0,16
572,ORL,11/11/17,48,0.534,0.23,12,0.12,0.178,0.598,0.31,13.1,0.131,0.317,DEN,1,2,0,0,-18
573,ORL,11/13/17,48,0.477,0.205,10.7,0.107,0.095,0.545,0.182,16.2,0.162,0.279,GSW,2,2,0,0,-10
574,ORL,11/15/17,48,0.538,0.114,16.5,0.165,0.184,0.517,0.149,13.6,0.136,0.227,POR,2,2,0,0,-5
575,ORL,11/18/17,48,0.432,0.284,16.6,0.166,0.216,0.551,0.184,10.7,0.107,0.286,UTA,3,1,0,1,-40
576,ORL,11/20/17,48,0.494,0.274,20.9,0.209,0.216,0.461,0.326,12.2,0.122,0.17,IND,2,1,0,1,-8
577,ORL,11/22/17,48,0.571,0.242,13.8,0.138,0.179,0.506,0.517,7.6,0.076,0.213,MIN,2,2,0,0,-6
578,ORL,11/24/17,48,0.479,0.2,12.1,0.121,0.327,0.555,0.275,9.2,0.092,0.271,BOS,2,2,0,0,-15
579,ORL,11/25/17,48,0.523,0.36,9.7,0.097,0.143,0.589,0.211,10.6,0.106,0.244,PHI,1,3,0,0,-19
580,ORL,11/27/17,48,0.522,0.174,14.4,0.144,0.222,0.627,0.329,16.3,0.163,0.242,IND,2,2,0,0,-12
581,ORL,11/29/17,48,0.678,0.342,14.1,0.141,0.069,0.458,0.313,12.8,0.128,0.375,OKC,2,4,1,1,13
582,ORL,12/1/17,48,0.516,0.188,14.2,0.142,0.271,0.693,0.125,18.1,0.181,0.241,GSW,2,2,0,1,-21
583,ORL,12/3/17,48,0.488,0.354,12.2,0.122,0.186,0.489,0.108,13.8,0.138,0.227,NYK,2,4,1,0,5
584,ORL,12/4/17,48,0.5,0.171,19.4,0.194,0.109,0.423,0.476,14.2,0.142,0.239,CHA,1,3,0,0,-10
585,ORL,12/6/17,53,0.5,0.184,15.5,0.155,0.255,0.489,0.215,17.3,0.173,0.22,ATL,2,2,1,1,4
586,ORL,12/8/17,48,0.428,0.277,15.4,0.154,0.224,0.529,0.188,13.1,0.131,0.162,DEN,2,2,0,1,-14
587,ORL,12/9/17,48,0.56,0.087,12.3,0.123,0.244,0.619,0.313,12.8,0.128,0.237,ATL,1,3,0,0,-7
588,PHI,10/18/17,48,0.543,0.204,15.8,0.158,0.234,0.464,0.392,9.3,0.093,0.302,WAS,0,0,0,0,-5
589,PHI,10/20/17,48,0.435,0.174,16.7,0.167,0.255,0.476,0.381,18.4,0.184,0.298,BOS,2,2,0,1,-10
590,PHI,10/21/17,48,0.439,0.439,18.2,0.182,0.157,0.545,0.416,11.8,0.118,0.195,TOR,1,2,0,0,-34
591,PHI,10/23/17,48,0.527,0.32,21.3,0.213,0.211,0.424,0.224,14.2,0.142,0.18,DET,2,2,1,0,11
592,PHI,10/25/17,48,0.505,0.103,15.2,0.152,0.267,0.56,0.32,19.5,0.195,0.184,HOU,2,2,0,1,-1
593,PHI,10/28/17,48,0.586,0.161,14.6,0.146,0.268,0.642,0.257,18.5,0.185,0.088,DAL,3,2,1,0,2
594,PHI,10/30/17,48,0.613,0.3,20.1,0.201,0.219,0.476,0.458,14.3,0.143,0.196,HOU,2,2,1,0,8
595,PHI,11/1/17,48,0.53,0.253,15.2,0.152,0.288,0.479,0.287,16.8,0.168,0.24,ATL,2,3,1,1,10
596,PHI,11/3/17,48,0.598,0.152,18.8,0.188,0.273,0.505,0.196,11,0.11,0.174,IND,2,2,1,1,11
597,PHI,11/7/17,48,0.494,0.37,20.3,0.203,0.205,0.348,0.354,10.7,0.107,0.226,UTA,4,2,1,0,7
598,PHI,11/9/17,48,0.511,0.31,16.5,0.165,0.26,0.495,0.301,8.5,0.085,0.157,SAC,2,2,0,0,-1
599,PHI,11/11/17,48,0.532,0.213,18.2,0.182,0.271,0.671,0.317,20.5,0.205,0.138,GSW,2,3,0,0,-21
600,PHI,11/13/17,48,0.539,0.455,19.5,0.195,0.286,0.512,0.39,14.7,0.147,0.18,LAC,2,2,1,0,4
601,PHI,11/15/17,48,0.529,0.349,14.9,0.149,0.186,0.399,0.248,8.3,0.083,0.333,LAL,2,2,1,0,6
602,PHI,11/18/17,48,0.536,0.165,10.6,0.106,0.229,0.588,0.22,12.8,0.128,0.275,GSW,3,2,0,1,-8
603,PHI,11/20/17,48,0.541,0.259,18.9,0.189,0.25,0.406,0.224,13.9,0.139,0.132,UTA,2,2,1,1,21
604,PHI,11/22/17,48,0.494,0.189,17.2,0.172,0.229,0.376,0.27,16.1,0.161,0.193,POR,2,2,1,1,20
605,PHI,11/25/17,48,0.589,0.211,10.6,0.106,0.244,0.523,0.36,9.7,0.097,0.143,ORL,3,1,1,1,19
606,PHI,11/27/17,48,0.391,0.208,14.5,0.145,0.386,0.564,0.233,12.5,0.125,0.262,CLE,2,3,0,1,-22
607,PHI,11/29/17,48,0.475,0.79,16.2,0.162,0.429,0.455,0.416,10.1,0.101,0.14,WAS,2,1,1,1,5
608,PHI,11/30/17,48,0.512,0.214,19.8,0.198,0.313,0.582,0.253,17.4,0.174,0.189,BOS,1,3,0,0,-11
609,PHI,12/2/17,48,0.465,0.372,17.8,0.178,0.37,0.494,0.41,18.3,0.183,0.189,DET,2,1,1,1,5
610,PHI,12/4/17,48,0.467,0.176,14.1,0.141,0.295,0.538,0.242,11.4,0.114,0.306,PHX,2,2,0,1,-14
611,PHI,12/7/17,48,0.543,0.259,17.8,0.178,0.194,0.495,0.25,11.6,0.116,0.288,LAL,3,4,0,1,-3
612,PHI,12/9/17,48,0.545,0.167,19.8,0.198,0.206,0.573,0.32,18.5,0.185,0.158,CLE,2,1,0,0,-7
613,PHI,12/10/17,48,0.505,0.313,16.3,0.163,0.44,0.669,0.4,14.4,0.144,0.167,NOP,1,2,0,0,-7
614,PHX,10/18/17,48,0.354,0.202,15.5,0.155,0.192,0.567,0.311,17.1,0.171,0.395,POR,0,0,0,1,-48
615,PHX,10/20/17,48,0.565,0.413,16.8,0.168,0.213,0.581,0.355,15.6,0.156,0.111,LAL,2,1,0,1,-2
616,PHX,10/21/17,48,0.423,0.535,19.3,0.193,0.087,0.614,0.341,11.6,0.116,0.238,LAC,1,2,0,0,-42
617,PHX,10/23/17,48,0.61,0.351,20.2,0.202,0.2,0.48,0.293,8.4,0.084,0.25,SAC,2,2,1,1,2
618,PHX,10/25/17,48,0.469,0.094,16,0.16,0.302,0.455,0.325,22.9,0.229,0.152,UTA,2,1,1,1,9
619,PHX,10/28/17,48,0.477,0.345,16.2,0.162,0.226,0.5,0.308,14.1,0.141,0.261,POR,3,2,0,0,-7
620,PHX,10/31/17,48,0.521,0.25,17.2,0.172,0.213,0.456,0.294,6.1,0.061,0.111,BKN,3,2,1,0,8
621,PHX,11/1/17,48,0.548,0.458,10.1,0.101,0.268,0.5,0.326,11.7,0.117,0.306,WAS,1,3,1,0,6
622,PHX,11/3/17,48,0.397,0.381,9.7,0.097,0.333,0.563,0.287,12.7,0.127,0.25,NYK,2,2,0,0,-13
623,PHX,11/5/17,48,0.506,0.272,18.4,0.184,0.239,0.563,0.205,10.2,0.102,0.19,SAS,2,2,0,0,-17
624,PHX,11/6/17,48,0.384,0.407,16.3,0.163,0.275,0.448,0.333,15.3,0.153,0.224,BKN,1,3,0,1,-6
625,PHX,11/8/17,48,0.523,0.341,10.4,0.104,0.125,0.605,0.432,14.9,0.149,0.282,MIA,2,2,0,1,-11
626,PHX,11/10/17,48,0.495,0.266,13.9,0.139,0.245,0.604,0.524,16.1,0.161,0.2,ORL,2,2,0,1,-16
627,PHX,11/11/17,48,0.593,0.279,16.7,0.167,0.2,0.427,0.365,10.6,0.106,0.328,MIN,1,3,1,1,8
628,PHX,11/13/17,48,0.426,0.211,15.5,0.155,0.2,0.5,0.141,15.3,0.153,0.173,LAL,2,2,0,1,-7
629,PHX,11/16/17,48,0.5,0.202,13.4,0.134,0.291,0.594,0.422,12.9,0.129,0.279,HOU,3,2,0,1,-26
630,PHX,11/17/17,48,0.529,0.184,12,0.12,0.184,0.533,0.264,17,0.17,0.205,LAL,1,2,1,0,9
631,PHX,11/19/17,48,0.545,0.247,10.9,0.109,0.205,0.475,0.139,12,0.12,0.235,CHI,2,2,1,1,8
632,PHX,11/22/17,53,0.435,0.355,25.3,0.253,0.431,0.474,0.32,13.3,0.133,0.255,MIL,3,2,0,1,-6
633,PHX,11/24/17,48,0.404,0.191,16.4,0.164,0.294,0.544,0.242,15.4,0.154,0.283,NOP,2,2,0,1,-24
634,PHX,11/26/17,48,0.582,0.141,16.8,0.168,0.275,0.575,0.183,14.7,0.147,0.422,MIN,2,2,0,0,-11
635,PHX,11/28/17,48,0.5,0.264,15.1,0.151,0.289,0.489,0.106,9.1,0.091,0.17,CHI,2,2,1,0,5
636,PHX,11/29/17,48,0.506,0.333,19.2,0.192,0.17,0.646,0.236,16.9,0.169,0.147,DET,1,2,0,0,-24
637,PHX,12/2/17,48,0.51,0.109,11.8,0.118,0.372,0.613,0.288,9.5,0.095,0.114,BOS,3,2,0,0,-5
638,PHX,12/4/17,48,0.538,0.242,11.4,0.114,0.306,0.467,0.176,14.1,0.141,0.295,PHI,2,2,1,0,14
639,PHX,12/5/17,48,0.553,0.507,15.6,0.156,0,0.56,0.283,15.9,0.159,0.186,TOR,1,4,0,0,-13
640,PHX,12/7/17,48,0.506,0.359,14.8,0.148,0.25,0.556,0.309,11.6,0.116,0.2,WAS,2,2,0,1,-10
641,PHX,12/9/17,48,0.481,0.375,11.7,0.117,0.227,0.494,0.287,15.8,0.158,0.375,SAS,2,1,0,1,-3
642,POR,10/18/17,48,0.567,0.311,17.1,0.171,0.395,0.354,0.202,15.5,0.155,0.192,PHX,0,0,1,0,48
643,POR,10/20/17,48,0.532,0.179,9,0.09,0.25,0.474,0.423,12.2,0.122,0.13,IND,2,2,1,0,18
644,POR,10/21/17,48,0.488,0.432,16.1,0.161,0.317,0.569,0.375,14,0.14,0.194,MIL,1,1,0,0,-3
645,POR,10/24/17,48,0.432,0.375,18.4,0.184,0.321,0.454,0.421,16.5,0.165,0.082,NOP,3,2,1,1,10
646,POR,10/26/17,48,0.472,0.247,10.8,0.108,0.333,0.526,0.468,13.2,0.132,0.333,LAC,2,2,0,1,-1
647,POR,10/28/17,48,0.5,0.308,14.1,0.141,0.261,0.477,0.345,16.2,0.162,0.226,PHX,2,3,1,1,7
648,POR,10/30/17,48,0.438,0.238,13.6,0.136,0.133,0.494,0.195,10.4,0.104,0.2,TOR,2,3,0,1,-14
649,POR,11/1/17,53,0.446,0.29,15.3,0.153,0.196,0.45,0.4,12.7,0.127,0.192,UTA,2,2,0,0,-9
650,POR,11/2/17,48,0.517,0.314,12,0.12,0.25,0.57,0.342,11,0.11,0.061,LAL,1,2,1,1,3
651,POR,11/5/17,48,0.547,0.378,22.5,0.225,0.212,0.511,0.169,12.7,0.127,0.14,OKC,3,2,1,1,4
652,POR,11/7/17,48,0.481,0.247,16.7,0.167,0.256,0.527,0.342,16,0.16,0.135,MEM,2,2,0,1,-1
653,POR,11/10/17,48,0.463,0.116,11.1,0.111,0.24,0.495,0.209,10.2,0.102,0.22,BKN,3,3,0,1,-4
654,POR,11/13/17,48,0.568,0.247,23.2,0.232,0.258,0.411,0.179,20.3,0.203,0.255,DEN,3,2,1,1,17
655,POR,11/15/17,48,0.517,0.149,13.6,0.136,0.227,0.538,0.114,16.5,0.165,0.184,ORL,2,2,1,1,5
656,POR,11/17/17,48,0.414,0.198,18.9,0.189,0.262,0.447,0.176,14,0.14,0.267,SAC,2,2,0,0,-4
657,POR,11/18/17,48,0.614,0.3,20.4,0.204,0.156,0.427,0.202,11.1,0.111,0.188,SAC,1,1,1,1,12
658,POR,11/20/17,48,0.434,0.386,17.2,0.172,0.333,0.43,0.267,8.1,0.081,0.1,MEM,2,2,1,0,8
659,POR,11/22/17,48,0.376,0.27,16.1,0.161,0.193,0.494,0.189,17.2,0.172,0.229,PHI,2,2,0,0,-20
660,POR,11/24/17,48,0.531,0.365,6.6,0.066,0.261,0.55,0.21,8.6,0.086,0.283,BKN,2,2,1,0,2
661,POR,11/25/17,48,0.569,0.275,16.1,0.161,0.167,0.506,0.18,11,0.11,0.167,WAS,1,3,1,0,3
662,POR,11/27/17,48,0.488,0.313,11.8,0.118,0.119,0.426,0.25,13.4,0.134,0.259,NYK,2,2,1,0,12
663,POR,11/30/17,48,0.458,0.205,19.1,0.191,0.25,0.517,0.172,10.1,0.101,0.111,MIL,3,2,0,1,-12
664,POR,12/2/17,48,0.5,0.105,4.7,0.047,0.17,0.61,0.291,11.4,0.114,0.103,NOP,2,1,0,1,-7
665,POR,12/5/17,48,0.487,0.269,19.1,0.191,0.175,0.534,0.157,10.6,0.106,0.244,WAS,3,1,0,1,-14
666,POR,12/9/17,48,0.614,0.136,15.6,0.156,0.2,0.6,0.56,12.2,0.122,0.212,HOU,4,2,0,1,-7
667,POR,12/11/17,48,0.46,0.284,10.3,0.103,0.25,0.613,0.213,14.7,0.147,0.182,GSW,2,3,0,0,-7
668,SAC,10/18/17,48,0.523,0.114,17.8,0.178,0.22,0.47,0.349,16,0.16,0.267,HOU,0,1,0,1,-5
669,SAC,10/20/17,48,0.483,0.149,16.4,0.164,0.356,0.487,0.28,13.4,0.134,0.146,DAL,2,2,1,0,5
670,SAC,10/21/17,48,0.412,0.153,15.1,0.151,0.231,0.494,0.235,17.4,0.174,0.4,DEN,1,3,0,0,-17
671,SAC,10/23/17,48,0.48,0.293,8.4,0.084,0.25,0.61,0.351,20.2,0.202,0.2,PHX,2,2,0,0,-2
672,SAC,10/26/17,48,0.512,0.309,13,0.13,0.119,0.564,0.267,14.8,0.148,0.256,NOP,3,2,0,1,-8
673,SAC,10/29/17,48,0.427,0.195,20.4,0.204,0.234,0.571,0.235,17.4,0.174,0.289,WAS,3,2,0,1,-27
674,SAC,10/31/17,48,0.432,0.159,15.1,0.151,0.204,0.494,0.259,15.7,0.157,0.28,IND,2,2,0,0,-18
675,SAC,11/1/17,48,0.469,0.148,15.9,0.159,0.163,0.591,0.232,20.4,0.204,0.457,BOS,1,2,0,0,-27
676,SAC,11/4/17,48,0.592,0.171,18.6,0.186,0.1,0.589,0.278,15.7,0.157,0.216,DET,3,1,0,0,-9
677,SAC,11/7/17,48,0.525,0.152,22.5,0.225,0.125,0.395,0.267,16.3,0.163,0.176,OKC,3,2,1,1,8
678,SAC,11/9/17,48,0.495,0.301,8.5,0.085,0.157,0.511,0.31,16.5,0.165,0.26,PHI,2,2,1,1,1
679,SAC,11/11/17,48,0.419,0.375,13.7,0.137,0.256,0.589,0.167,11,0.11,0.205,NYK,2,3,0,0,-27
680,SAC,11/13/17,48,0.476,0.214,10.9,0.109,0.2,0.576,0.14,11.9,0.119,0.286,WAS,2,2,0,0,-18
681,SAC,11/15/17,48,0.386,0.227,12.3,0.123,0.2,0.734,0.203,20.6,0.206,0.333,ATL,2,2,0,0,-46
682,SAC,11/17/17,48,0.447,0.176,14,0.14,0.267,0.414,0.198,18.9,0.189,0.262,POR,2,2,1,1,4
683,SAC,11/18/17,48,0.427,0.202,11.1,0.111,0.188,0.614,0.3,20.4,0.204,0.156,POR,1,1,0,0,-12
684,SAC,11/20/17,48,0.523,0.105,14.1,0.141,0.125,0.576,0.233,14.8,0.148,0.326,DEN,2,1,0,1,-16
685,SAC,11/22/17,48,0.612,0.165,17.3,0.173,0.263,0.596,0.192,17.4,0.174,0.105,LAL,2,1,1,1,11
686,SAC,11/25/17,48,0.524,0.108,18.6,0.186,0.205,0.531,0.163,18.4,0.184,0.171,LAC,3,3,0,1,-2
687,SAC,11/27/17,48,0.589,0.266,16.3,0.163,0.289,0.6,0.175,16.3,0.163,0.265,GSW,2,2,1,0,4
688,SAC,11/28/17,48,0.435,0.377,18.2,0.182,0.196,0.655,0.437,12.5,0.125,0.031,MIL,1,3,0,1,-25
689,SAC,12/1/17,48,0.565,0.165,12.6,0.126,0.211,0.539,0.144,9.3,0.093,0.186,CHI,3,1,1,0,1
690,SAC,12/2/17,48,0.552,0.273,17.5,0.175,0.182,0.536,0.609,16,0.16,0.25,MIL,1,2,0,0,-5
691,SAC,12/6/17,48,0.512,0.151,14.5,0.145,0.2,0.564,0.269,15.7,0.157,0.163,CLE,4,2,0,0,-6
692,SAC,12/8/17,53,0.552,0.144,17.8,0.178,0.282,0.517,0.213,15.8,0.158,0.167,NOP,2,2,1,0,7
693,SAC,12/10/17,48,0.548,0.192,22.5,0.225,0.179,0.511,0.218,13.5,0.135,0.255,TOR,2,2,0,1,-15
694,SAS,10/18/17,48,0.506,0.213,11.4,0.114,0.279,0.482,0.271,13.4,0.134,0.224,MIN,0,0,1,1,8
695,SAS,10/21/17,48,0.414,0.172,11.3,0.113,0.259,0.427,0.11,20.4,0.204,0.174,CHI,3,2,1,0,10
696,SAS,10/23/17,48,0.472,0.256,19.6,0.196,0.383,0.488,0.3,14.9,0.149,0.119,TOR,2,2,1,1,4
697,SAS,10/25/17,48,0.618,0.395,13.8,0.138,0.222,0.519,0.225,9.7,0.097,0.1,MIA,2,2,1,0,17
698,SAS,10/27/17,48,0.36,0.303,17.7,0.177,0.304,0.637,0.167,18.4,0.184,0.158,ORL,2,3,0,0,-27
699,SAS,10/29/17,48,0.45,0.2,16.5,0.165,0.24,0.532,0.26,19.2,0.192,0.158,IND,2,4,0,0,-3
700,SAS,10/30/17,48,0.483,0.23,11.6,0.116,0.235,0.54,0.182,15.8,0.158,0.349,BOS,1,2,0,0,-14
701,SAS,11/2/17,48,0.431,0.264,18.6,0.186,0.28,0.602,0.193,14.1,0.141,0.135,GSW,3,3,0,1,-20
702,SAS,11/3/17,48,0.524,0.313,15.5,0.155,0.167,0.463,0.525,12.1,0.121,0.224,CHA,1,2,1,1,7
703,SAS,11/5/17,48,0.563,0.205,10.2,0.102,0.19,0.506,0.272,18.4,0.184,0.239,PHX,2,2,1,1,17
704,SAS,11/7/17,48,0.625,0.226,13.8,0.138,0.275,0.579,0.207,18.5,0.185,0.263,LAC,2,2,1,1,13
705,SAS,11/10/17,48,0.481,0.138,19.2,0.192,0.2,0.489,0.157,14.3,0.143,0.244,MIL,3,3,0,1,-7
706,SAS,11/11/17,48,0.706,0.188,14.3,0.143,0.258,0.5,0.151,13,0.13,0.122,CHI,1,1,1,1,39
707,SAS,11/14/17,48,0.481,0.342,12.6,0.126,0.186,0.469,0.222,15.2,0.152,0.114,DAL,3,2,1,0,6
708,SAS,11/15/17,48,0.462,0.19,18.1,0.181,0.302,0.5,0.184,7.8,0.078,0.256,MIN,1,2,0,0,-12
709,SAS,11/17/17,48,0.532,0.364,14.4,0.144,0.3,0.489,0.236,9.6,0.096,0.289,OKC,2,2,1,1,3
710,SAS,11/20/17,48,0.506,0.067,18.8,0.188,0.326,0.482,0.094,15.9,0.159,0.191,ATL,3,2,1,1,11
711,SAS,11/22/17,48,0.432,0.17,15.6,0.156,0.174,0.525,0.296,15.9,0.159,0.184,NOP,2,2,0,0,-17
712,SAS,11/25/17,48,0.519,0.309,11.6,0.116,0.222,0.393,0.31,14.7,0.147,0.275,CHA,3,1,1,0,20
713,SAS,11/27/17,48,0.585,0.256,10.3,0.103,0.1,0.565,0.2,11.1,0.111,0.093,DAL,2,2,1,1,7
714,SAS,11/29/17,48,0.56,0.32,13,0.13,0.161,0.526,0.208,18.9,0.189,0.289,MEM,2,3,1,1,9
715,SAS,12/1/17,48,0.521,0.457,16.3,0.163,0.189,0.439,0.243,17.8,0.178,0.182,MEM,2,2,1,0,16
716,SAS,12/3/17,48,0.461,0.303,17.9,0.179,0.2,0.46,0.241,19.8,0.198,0.326,OKC,2,2,0,0,-3
717,SAS,12/4/17,48,0.512,0.146,18,0.18,0.222,0.459,0.282,10.1,0.101,0.146,DET,1,2,1,1,3
718,SAS,12/6/17,48,0.603,0.161,11.7,0.117,0.303,0.667,0.167,21,0.21,0.2,MIA,2,3,1,1,12
719,SAS,12/8/17,48,0.519,0.296,14.4,0.144,0.333,0.524,0.205,15,0.15,0.256,BOS,2,2,1,1,3
720,SAS,12/9/17,48,0.494,0.287,15.8,0.158,0.375,0.481,0.375,11.7,0.117,0.227,PHX,1,2,1,0,3
721,TOR,10/19/17,48,0.548,0.337,17.1,0.171,0.31,0.472,0.213,17.9,0.179,0.217,CHI,0,0,1,1,17
722,TOR,10/21/17,48,0.545,0.416,11.8,0.118,0.195,0.439,0.439,18.2,0.182,0.157,PHI,2,1,1,1,34
723,TOR,10/23/17,48,0.488,0.3,14.9,0.149,0.119,0.472,0.256,19.6,0.196,0.383,SAS,2,2,0,0,-4
724,TOR,10/25/17,48,0.5,0.202,17.4,0.174,0.354,0.636,0.286,17.4,0.174,0.194,GSW,2,2,0,0,-5
725,TOR,10/27/17,48,0.468,0.215,13.1,0.131,0.184,0.475,0.304,20.7,0.207,0.225,LAL,2,2,1,0,9
726,TOR,10/30/17,48,0.494,0.195,10.4,0.104,0.2,0.438,0.238,13.6,0.136,0.133,POR,3,2,1,0,14
727,TOR,11/1/17,48,0.559,0.294,13.9,0.139,0.209,0.625,0.33,11.6,0.116,0.237,DEN,2,2,0,0,-18
728,TOR,11/3/17,48,0.613,0.394,17.8,0.178,0.179,0.488,0.3,14.8,0.148,0.227,UTA,2,2,1,0,9
729,TOR,11/5/17,48,0.494,0.338,13.6,0.136,0.205,0.535,0.271,16.8,0.168,0.289,WAS,2,2,0,1,-11
730,TOR,11/7/17,48,0.623,0.296,15.9,0.159,0.194,0.569,0.35,15.1,0.151,0.211,CHI,2,3,1,1,5
731,TOR,11/9/17,48,0.541,0.235,10.9,0.109,0.227,0.616,0.305,13.6,0.136,0.095,NOP,2,2,1,1,4
732,TOR,11/12/17,48,0.536,0.333,18.9,0.189,0.162,0.46,0.218,15.7,0.157,0.333,BOS,3,2,0,0,-1
733,TOR,11/14/17,48,0.615,0.538,13.3,0.133,0.128,0.494,0.519,18.6,0.186,0.311,HOU,2,2,1,0,16
734,TOR,11/15/17,48,0.697,0.263,21,0.21,0.214,0.56,0.154,13.8,0.138,0.244,NOP,1,2,1,0,9
735,TOR,11/17/17,48,0.622,0.141,13.1,0.131,0.094,0.379,0.187,10.6,0.106,0.275,NYK,2,2,1,1,23
736,TOR,11/19/17,48,0.5,0.156,8.6,0.086,0.239,0.488,0.259,14.5,0.145,0.178,WAS,2,2,1,1,9
737,TOR,11/22/17,48,0.506,0.207,15.3,0.153,0.261,0.505,0.183,12.1,0.121,0.302,NYK,3,2,0,0,-8
738,TOR,11/24/17,48,0.549,0.247,19.5,0.195,0.184,0.524,0.325,15.9,0.159,0.222,IND,2,4,0,0,-3
739,TOR,11/25/17,48,0.625,0.107,17.2,0.172,0.306,0.387,0.307,19.6,0.196,0.167,ATL,1,1,1,0,34
740,TOR,11/29/17,48,0.602,0.112,8.9,0.089,0.275,0.525,0.443,12.9,0.129,0.2,CHA,4,4,1,1,13
741,TOR,12/1/17,48,0.546,0.216,11.3,0.113,0.279,0.48,0.216,10.2,0.102,0.3,IND,2,2,1,1,5
742,TOR,12/5/17,48,0.56,0.283,15.9,0.159,0.186,0.553,0.507,15.6,0.156,0,PHX,4,1,1,1,13
743,TOR,12/8/17,48,0.558,0.423,11.8,0.118,0.294,0.555,0.268,17.4,0.174,0.297,MEM,3,2,1,0,9
744,TOR,12/10/17,48,0.511,0.218,13.5,0.135,0.255,0.548,0.192,22.5,0.225,0.179,SAC,2,2,1,0,15
745,TOR,12/11/17,48,0.444,0.325,12.8,0.128,0.065,0.418,0.264,12.9,0.129,0.264,LAC,1,2,0,0,-5
746,UTA,10/18/17,48,0.562,0.198,15.5,0.155,0.162,0.552,0.156,22.6,0.226,0.189,DEN,0,0,1,1,10
747,UTA,10/20/17,48,0.539,0.221,19.7,0.197,0.171,0.488,0.321,16.3,0.163,0.244,MIN,2,2,0,0,-3
748,UTA,10/21/17,48,0.552,0.182,20,0.2,0.189,0.481,0.244,17.8,0.178,0.19,OKC,1,2,1,1,9
749,UTA,10/24/17,48,0.475,0.139,19.2,0.192,0.195,0.53,0.253,13.8,0.138,0.25,LAC,3,3,0,0,-18
750,UTA,10/25/17,48,0.455,0.325,22.9,0.229,0.152,0.469,0.094,16,0.16,0.302,PHX,1,2,0,0,-9
751,UTA,10/28/17,48,0.551,0.165,24.5,0.245,0.359,0.414,0.247,17.4,0.174,0.286,LAL,3,1,1,1,15
752,UTA,10/30/17,48,0.568,0.185,14.6,0.146,0.154,0.526,0.145,25,0.25,0.237,DAL,2,2,1,1,15
753,UTA,11/1/17,53,0.45,0.4,12.7,0.127,0.192,0.446,0.29,15.3,0.153,0.196,POR,2,2,1,1,9
754,UTA,11/3/17,48,0.488,0.3,14.8,0.148,0.227,0.613,0.394,17.8,0.178,0.179,TOR,2,2,0,1,-9
755,UTA,11/5/17,48,0.506,0.273,13.4,0.134,0.178,0.735,0.259,19.8,0.198,0.167,HOU,2,2,0,0,-27
756,UTA,11/7/17,48,0.348,0.354,10.7,0.107,0.226,0.494,0.37,20.3,0.203,0.205,PHI,2,4,0,1,-7
757,UTA,11/10/17,48,0.372,0.297,18.4,0.184,0.089,0.455,0.234,21.2,0.212,0.163,MIA,3,2,0,1,-10
758,UTA,11/11/17,48,0.547,0.294,16,0.16,0.279,0.507,0.513,17,0.17,0.238,BKN,1,1,1,1,8
759,UTA,11/13/17,48,0.524,0.131,15.7,0.157,0.186,0.592,0.408,17.8,0.178,0.179,MIN,2,2,0,1,-11
760,UTA,11/15/17,48,0.538,0.215,15.3,0.153,0.214,0.525,0.309,12.1,0.121,0.3,NYK,2,2,0,0,-5
761,UTA,11/17/17,48,0.57,0.304,16.7,0.167,0.238,0.613,0.238,12.8,0.128,0.121,BKN,2,3,0,0,-11
762,UTA,11/18/17,48,0.551,0.184,10.7,0.107,0.286,0.432,0.284,16.6,0.166,0.216,ORL,1,3,1,0,40
763,UTA,11/20/17,48,0.406,0.224,13.9,0.139,0.132,0.541,0.259,18.9,0.189,0.25,PHI,2,2,0,0,-21
764,UTA,11/22/17,48,0.547,0.221,7.5,0.075,0.186,0.404,0.256,16.9,0.169,0.178,CHI,2,1,1,1,30
765,UTA,11/25/17,48,0.679,0.235,10.6,0.106,0.135,0.584,0.299,17.7,0.177,0.242,MIL,3,3,1,1,13
766,UTA,11/28/17,48,0.563,0.103,11.8,0.118,0.231,0.404,0.205,19.8,0.198,0.261,DEN,3,4,1,1,29
767,UTA,11/30/17,48,0.676,0.165,13.8,0.138,0.278,0.614,0.429,20.6,0.206,0.303,LAC,2,3,1,0,19
768,UTA,12/1/17,48,0.565,0.294,9.3,0.093,0.182,0.569,0.172,10.2,0.102,0.136,NOP,1,2,1,1,6
769,UTA,12/4/17,48,0.671,0.237,17.8,0.178,0.345,0.313,0.288,14.3,0.143,0.222,WAS,3,3,1,1,47
770,UTA,12/5/17,48,0.5,0.266,18.5,0.185,0.209,0.506,0.321,19.1,0.191,0.316,OKC,1,2,0,0,-6
771,UTA,12/7/17,48,0.513,0.351,13.3,0.133,0.095,0.58,0.296,16.9,0.169,0.222,HOU,2,4,0,1,-11
772,UTA,12/9/17,48,0.487,0.487,16.1,0.161,0.214,0.586,0.321,11.5,0.115,0.235,MIL,2,1,0,0,-17
773,WAS,10/18/17,48,0.464,0.392,9.3,0.093,0.302,0.543,0.204,15.8,0.158,0.234,PHI,0,0,1,1,5
774,WAS,10/20/17,48,0.573,0.467,16.9,0.169,0.233,0.552,0.23,18.1,0.181,0.25,DET,2,2,1,1,4
775,WAS,10/23/17,48,0.494,0.333,14.8,0.148,0.222,0.538,0.288,22.1,0.221,0.243,DEN,3,2,1,0,5
776,WAS,10/25/17,53,0.442,0.242,13.3,0.133,0.13,0.484,0.174,19.1,0.191,0.136,LAL,2,3,0,0,-3
777,WAS,10/27/17,48,0.521,0.227,13.7,0.137,0.24,0.537,0.211,16.9,0.169,0.341,GSW,2,2,0,0,-3
778,WAS,10/29/17,48,0.571,0.235,17.4,0.174,0.289,0.427,0.195,20.4,0.204,0.234,SAC,2,3,1,0,27
779,WAS,11/1/17,48,0.5,0.326,11.7,0.117,0.306,0.548,0.458,10.1,0.101,0.268,PHX,3,1,0,1,-6
780,WAS,11/3/17,48,0.601,0.369,15.3,0.153,0.257,0.634,0.341,14.8,0.148,0.222,CLE,2,2,0,1,-8
781,WAS,11/5/17,48,0.535,0.271,16.8,0.168,0.289,0.494,0.338,13.6,0.136,0.205,TOR,2,2,1,0,11
782,WAS,11/7/17,48,0.493,0.427,14.8,0.148,0.067,0.533,0.22,11.9,0.119,0.234,DAL,2,3,0,1,-14
783,WAS,11/9/17,48,0.56,0.241,20.6,0.206,0.194,0.378,0.477,17.9,0.179,0.309,LAL,2,1,1,1,16
784,WAS,11/11/17,48,0.583,0.359,22.5,0.225,0.333,0.494,0.205,23,0.23,0.244,ATL,2,1,1,1,19
785,WAS,11/13/17,48,0.576,0.14,11.9,0.119,0.286,0.476,0.214,10.9,0.109,0.2,SAC,2,2,1,1,18
786,WAS,11/15/17,48,0.468,0.397,13,0.13,0.268,0.494,0.244,18.6,0.186,0.293,MIA,2,3,1,0,9
787,WAS,11/17/17,48,0.44,0.19,12.5,0.125,0.143,0.47,0.217,15.6,0.156,0.204,MIA,2,2,0,1,-3
788,WAS,11/19/17,48,0.488,0.259,14.5,0.145,0.178,0.5,0.156,8.6,0.086,0.239,TOR,2,2,0,0,-9
789,WAS,11/20/17,48,0.588,0.23,19.7,0.197,0.229,0.468,0.241,10.9,0.109,0.136,MIL,1,2,1,0,11
790,WAS,11/22/17,53,0.54,0.222,11.5,0.115,0.209,0.527,0.44,11.3,0.113,0.292,CHA,2,2,0,0,-5
791,WAS,11/25/17,48,0.506,0.18,11,0.11,0.167,0.569,0.275,16.1,0.161,0.167,POR,3,1,0,1,-3
792,WAS,11/28/17,48,0.494,0.205,7.9,0.079,0.2,0.471,0.165,11.3,0.113,0.271,MIN,3,2,1,0,3
793,WAS,11/29/17,48,0.455,0.416,10.1,0.101,0.14,0.475,0.79,16.2,0.162,0.429,PHI,1,2,0,0,-5
794,WAS,12/1/17,48,0.522,0.213,11.9,0.119,0.364,0.5,0.241,15.3,0.153,0.108,DET,2,2,1,1,18
795,WAS,12/4/17,48,0.313,0.288,14.3,0.143,0.222,0.671,0.237,17.8,0.178,0.345,UTA,3,3,0,0,-47
796,WAS,12/5/17,48,0.534,0.157,10.6,0.106,0.244,0.487,0.269,19.1,0.191,0.175,POR,1,3,1,0,14
797,WAS,12/7/17,48,0.556,0.309,11.6,0.116,0.2,0.506,0.359,14.8,0.148,0.25,PHX,2,2,1,0,10
798,WAS,12/9/17,48,0.591,0.28,14.4,0.144,0.237,0.575,0.3,10.4,0.104,0.103,LAC,2,3,0,0,-1
799,WAS,12/12/17,48,0.421,0.232,10.6,0.106,0.214,0.464,0.393,13.5,0.135,0.196,BKN,3,3,0,0,-5